avg_student_gain,class_size,years_experience,education_level,professional_development_hours,subject_area,school_type,student_demographics,teaching_method,parental_involvement,resource_availability,effectiveness_score
9.777584158675683,,23.16231339351316,Masters,85.38712380175399,Language,Suburban,Homogeneous,Project-Based,Medium,Limited,3.698433357953202
17.95875048885504,44.0,8.53526644486864,Masters,66.27924386941417,Science,Suburban,Diverse,Traditional,High,Abundant,7.694395726468213
21.694695390221533,21.0,16.256671351832402,Professional,41.37239836893855,Social Studies,Rural,High Needs,Technology-Based,Low,Abundant,8.217341577827497
5.3706517630629165,10.0,24.64878647597341,,67.4774520796936,Science,Urban,High Needs,Interactive,High,Abundant,8.652102768720443
13.822033013066044,30.0,17.780833170534734,Bachelors,90.1310521271515,Social Studies,Rural,Diverse,Interactive,Low,Limited,6.287584530492138
7.780832135179372,44.0,32.528114626036825,Masters,46.98959261439727,Arts,Rural,Diverse,Traditional,Medium,Abundant,9.142579205323013
14.044488352748099,32.0,30.94497021118799,Bachelors,92.20267089866772,Language,Suburban,Homogeneous,Technology-Based,High,Adequate,2.245353837334632
19.762351697880415,27.0,22.579405706859703,Masters,69.57522672249893,Science,Urban,Homogeneous,Traditional,Medium,Limited,6.556613721035497
10.366906317675394,32.0,31.569985039057997,Bachelors,5.239071346791258,Social Studies,Urban,Homogeneous,Technology-Based,Medium,Abundant,6.055407393235201
13.328806326002587,33.0,23.10660443522588,Bachelors,13.416354287992604,,Suburban,High Needs,Traditional,High,Adequate,4.991883531170713
6.391959947508323,22.0,21.470094744762562,Professional,61.718963855856316,Science,Suburban,Diverse,Technology-Based,Low,Adequate,5.937808940221554
22.23487280965341,42.0,,Masters,50.98528894908802,Language,Suburban,Homogeneous,Interactive,Low,Adequate,1.5899136961407883
20.656516775335298,31.0,27.11894618463116,Professional,0.2725440902287213,Social Studies,Rural,Homogeneous,,Medium,Limited,7.408295082405276
12.402831659481278,43.0,12.570581821280374,Professional,28.871010100167283,Arts,Urban,Diverse,,Low,Limited,5.1542800369898805
10.338282892921987,43.0,24.519599353033446,Bachelors,79.93136951134132,Language,Rural,Homogeneous,Technology-Based,High,Limited,8.432285701835582
22.244334089194663,34.0,,Bachelors,80.81564682965161,Science,Rural,Diverse,Interactive,High,Abundant,7.808645003172602
16.488425511067643,44.0,8.025775590771627,Bachelors,23.99216435359791,Math,Urban,,Technology-Based,Medium,Abundant,7.821086182010143
18.372305185280847,21.0,23.934841692303543,Masters,24.327195965082836,Language,Rural,High Needs,Technology-Based,Low,Limited,3.6492785604757003
13.360661898918998,39.0,6.4359166208480945,Doctorate,,Social Studies,Suburban,Homogeneous,Technology-Based,Low,Abundant,6.842998628931128
9.225699626050636,14.0,8.486886485098214,Masters,54.334949236650274,Language,Rural,High Needs,Traditional,Medium,Adequate,8.206538339008937
8.842862130885557,22.0,11.879615578928926,Masters,9.821079000387002,Science,Suburban,Homogeneous,Project-Based,High,Adequate,6.06465879066082
8.913181108470642,,2.117556127139887,Masters,21.097559986230742,Social Studies,Rural,High Needs,Project-Based,High,Limited,2.261513638800228
10.121228608517544,,12.893942160205519,Doctorate,79.76404871928027,Arts,Rural,Diverse,Technology-Based,High,Abundant,7.717156097223892
24.191623861734634,35.0,2.3567952743909855,Doctorate,96.44846688953717,Language,Suburban,Diverse,Traditional,Low,,8.53652587087561
21.255697149737472,13.0,4.713825157330543,Doctorate,90.478922543602,Science,Rural,Diverse,Project-Based,High,Abundant,2.0510701143391676
5.844818743956212,42.0,34.36016763476108,Doctorate,2.232164475491216,Science,,High Needs,,High,Limited,5.163404320952257
21.762194390223645,31.0,17.31009124761897,Doctorate,77.72440996522649,Social Studies,Urban,High Needs,Traditional,Low,Adequate,
23.38107768710838,36.0,26.38079873875569,Doctorate,14.818926000552612,Arts,Urban,High Needs,Traditional,High,Adequate,6.117920641134634
10.708511081932288,31.0,3.271983889004812,Professional,16.21528067072,Language,Rural,Homogeneous,Interactive,High,Abundant,9.574463414118771
17.26138756620572,33.0,9.798211190390221,Professional,97.64174794332585,Science,Suburban,Homogeneous,Interactive,Low,Abundant,1.1788883768338385
19.092536615606758,26.0,10.405808573573323,Masters,94.14840161491247,Arts,Urban,Diverse,Project-Based,,Limited,2.7558705923059597
6.775150674678576,37.0,15.496291175641721,Masters,6.186361445049437,Arts,Suburban,,Interactive,Medium,Abundant,4.276478067317458
9.366282436907287,41.0,4.788562267153574,Professional,37.57000796804058,Social Studies,Urban,Homogeneous,Technology-Based,Medium,Abundant,1.9243962483481896
11.826584442247043,32.0,34.423733879333355,Bachelors,41.21509995280347,Science,Urban,Diverse,Traditional,Low,Limited,3.0249302356115075
17.097074580109926,40.0,25.6859111367193,,40.69794085165351,Social Studies,Urban,Homogeneous,Project-Based,Low,Abundant,7.373683557753854
11.26149521625689,41.0,16.452323421949778,Bachelors,17.770418521536758,Math,Rural,Homogeneous,Interactive,Low,Abundant,1.107232346507873
13.712697959334527,27.0,25.574100441621212,Bachelors,98.48046121443001,Math,Urban,High Needs,Traditional,High,Limited,2.940045896219215
6.580098455416447,33.0,27.173344295475143,Professional,85.52292691164479,Math,Urban,Diverse,Traditional,High,Adequate,4.876027854556884
10.607012875665017,18.0,,Bachelors,88.67124448604827,Math,Suburban,Homogeneous,Traditional,High,Limited,4.807473536804162
24.27093168078794,28.0,3.2482523157683927,Masters,51.53414639499528,Social Studies,Suburban,Diverse,Traditional,Low,Adequate,7.82694872286223
22.747155199944814,27.0,4.0948633027146775,Doctorate,86.54314091621096,Science,Suburban,Diverse,Technology-Based,Medium,Limited,1.3068511590691716
,,3.9655725364814094,Masters,32.908401601416905,Language,Suburban,Diverse,Traditional,High,Abundant,2.1372263932858626
7.486624815025782,39.0,15.22010153949085,Professional,97.91347580790382,Social Studies,,High Needs,Traditional,Medium,Adequate,2.811760957012174
22.626341157115867,30.0,4.113112282682391,Professional,47.314244647826975,Language,Urban,Homogeneous,Traditional,Low,Limited,4.689777473391245
6.914601865583128,33.0,12.953946475697856,Doctorate,87.71457841876278,Math,Rural,Homogeneous,Interactive,Low,Limited,6.62441999913798
10.352040737963705,21.0,13.03193433809334,Bachelors,68.30485776203167,Math,Urban,High Needs,,High,Limited,2.4498903262798324
8.88630664589148,15.0,,Doctorate,9.226273686216057,Social Studies,Urban,Homogeneous,Traditional,Low,Abundant,6.067594428938834
8.538685367639376,33.0,27.876547787960448,Doctorate,25.505427582248963,Language,Suburban,Diverse,Interactive,Low,Abundant,7.704397129116028
18.784592706755728,44.0,30.901289031195006,Professional,15.500702538929934,Language,Rural,Homogeneous,Project-Based,Low,Limited,9.382788878135907
7.583858618750936,20.0,19.593979460525727,Bachelors,97.94762048693272,Language,Rural,Homogeneous,Technology-Based,Low,Adequate,5.689003519006092
22.450769337857782,26.0,4.873694719989632,Masters,93.35125723111884,Science,Suburban,Diverse,Project-Based,High,Limited,2.909256391350005
13.308125820762125,15.0,,Bachelors,65.01110310805068,Math,Urban,Diverse,Technology-Based,High,Adequate,1.9517026328084879
5.868332336646274,20.0,5.100856770741096,Masters,82.95786116163698,Social Studies,Urban,High Needs,Traditional,High,Limited,4.4908196159048686
21.89894490683175,43.0,28.67788593810611,Doctorate,97.60225061260098,Math,Suburban,Homogeneous,Technology-Based,Medium,Abundant,9.22622367945994
19.01476588236085,,6.117156969192963,Bachelors,49.81480110910429,Language,Suburban,Homogeneous,Technology-Based,Medium,Adequate,4.933647837002594
20.781956631427413,34.0,10.238909688818623,Bachelors,0.2503520582258334,Science,Rural,Homogeneous,Technology-Based,Low,Abundant,7.482074228641538
14.437612629419572,42.0,6.49858397343808,Masters,66.9309917207472,Arts,Rural,Diverse,Traditional,Low,Limited,9.901214337446167
21.373065073243897,40.0,28.237945110568905,Bachelors,36.09117693350655,Social Studies,Rural,Diverse,Technology-Based,Low,Abundant,8.841226563696448
5.774456610585254,26.0,34.95717418714259,Professional,43.25242553632739,Math,Rural,Homogeneous,Interactive,Low,Limited,
17.347574714718768,,25.104037218759725,Bachelors,8.49983031598407,Arts,Rural,Diverse,Technology-Based,High,Abundant,9.61083871180315
5.924097381637912,26.0,23.786671744727734,Masters,29.6665027170236,Arts,Urban,Homogeneous,Project-Based,Medium,Abundant,7.550532615343616
9.77504747457055,,10.610815831216058,Professional,0.9665562399505778,Math,,High Needs,Traditional,High,Abundant,
18.62596245936587,41.0,18.65558957886144,Bachelors,14.852026393436091,Language,Rural,High Needs,Traditional,Low,Adequate,2.793266702055875
12.723719338688294,38.0,34.250361195520476,Bachelors,2.542787522663037,Social Studies,Suburban,Diverse,Traditional,Low,Limited,4.408582963510571
19.89171279599107,32.0,27.375045086513023,Bachelors,45.89693430140763,Arts,,High Needs,Traditional,Low,Limited,7.244980434113504
8.41085845207866,33.0,4.454135344579026,Doctorate,89.08773335469053,Math,,,Technology-Based,Medium,,
17.988476075722293,42.0,25.46013754761623,Doctorate,92.55863042669849,Arts,Urban,High Needs,Technology-Based,Low,Adequate,6.100151100627519
14.04999912476228,22.0,7.285679991530718,Bachelors,73.68171845110076,Science,Suburban,High Needs,Project-Based,Low,Adequate,7.521734729103276
7.895979279669227,42.0,6.58928803094291,Professional,49.065805395640524,Math,Urban,Homogeneous,Technology-Based,High,Limited,2.9616275995066283
18.46692395146444,29.0,13.6602516829672,Masters,50.85436002881064,Math,Suburban,High Needs,Technology-Based,Low,Adequate,5.808081495789194
19.755359635551358,12.0,29.280428767301967,Bachelors,46.69601610706151,Math,Urban,Diverse,Project-Based,High,Adequate,2.8342609638134055
24.188820838240023,34.0,9.139316062335483,Professional,70.47214778680733,Social Studies,Urban,High Needs,Interactive,High,Adequate,7.969277816406464
24.462959432288617,16.0,14.364258023398111,Professional,95.16737237223934,Arts,Urban,Diverse,Technology-Based,Medium,Abundant,7.968667630550995
18.148364226624803,30.0,30.667004232971173,Masters,15.092906045006272,Social Studies,Suburban,Homogeneous,Traditional,Low,Limited,7.4261728065330175
15.702066057148238,16.0,,Bachelors,66.2388941373146,Science,Urban,Diverse,Traditional,Medium,Limited,5.470970097240488
18.287631030027146,37.0,18.298020081200118,Doctorate,0.5543055417435161,,Suburban,Diverse,Project-Based,,Abundant,5.845320977168643
14.007015454683877,13.0,29.94157477642102,Bachelors,57.844978597371146,Social Studies,Rural,High Needs,Traditional,Low,Limited,8.127048878564054
13.072560953362647,24.0,31.291088962845603,Masters,,Science,,Homogeneous,Technology-Based,Low,,8.036818606795633
6.90575021203939,23.0,7.997981865337415,Doctorate,18.921944709964833,Social Studies,Rural,Diverse,Interactive,,Abundant,9.950765136399779
22.74943013391523,29.0,18.55496365557215,Bachelors,37.33370152503226,Social Studies,Rural,Diverse,Project-Based,Low,Adequate,7.01420080431977
20.94873965618848,33.0,25.469039238202704,Bachelors,31.871206937235552,Social Studies,Urban,High Needs,Technology-Based,Medium,Adequate,9.218341920813696
24.147639124787727,10.0,28.565043666543637,Bachelors,14.066767026825655,Science,Suburban,Diverse,Technology-Based,Low,Adequate,4.096870974555765
19.060751013906636,27.0,32.515773693491894,Professional,8.84391897223723,Social Studies,Suburban,Diverse,Project-Based,High,Limited,9.330142740963373
9.944234949553245,14.0,31.631347902912662,Bachelors,71.85492136241075,Social Studies,Urban,Homogeneous,Technology-Based,Medium,Abundant,9.158187257832596
17.458294018991538,33.0,33.742206968168325,Professional,45.98941962007481,Language,Suburban,Diverse,Project-Based,Medium,Abundant,9.388238615216583
11.980290176321475,35.0,19.392857774795427,Doctorate,3.2940095017083837,Social Studies,Rural,High Needs,Technology-Based,High,Abundant,6.721582156209106
16.047040442989946,10.0,28.48737368164271,Bachelors,75.15561116671721,Social Studies,Suburban,,Project-Based,High,Limited,3.458939400648185
,27.0,12.769251821304461,Masters,35.76439875188011,Language,Rural,Homogeneous,Interactive,High,Adequate,4.366208371596603
24.46502227112568,38.0,15.105617318751692,Bachelors,41.59659855683467,Science,,Homogeneous,Project-Based,Medium,Abundant,2.766141282538456
8.039774849487243,24.0,,Masters,59.248718002717624,Math,Rural,High Needs,Project-Based,Low,Adequate,9.211081372623962
12.380223884243053,39.0,30.602368341262657,Bachelors,1.0053781532214812,Math,Rural,High Needs,Project-Based,Medium,Abundant,
23.742846169862265,36.0,27.033805606106025,Bachelors,78.75122366969673,Language,Rural,High Needs,Traditional,Medium,Limited,1.7254369571088604
8.204630483977361,43.0,11.043556722326795,Doctorate,1.7397317351195873,Social Studies,Rural,Diverse,Interactive,Medium,Abundant,2.014657298772379
6.432957684779885,16.0,4.800352809689454,Professional,52.96059285079071,Arts,Rural,Diverse,Traditional,Medium,Abundant,4.604804707204112
12.427210993639935,17.0,17.103291667838093,Professional,26.65468809629704,Math,,Homogeneous,Technology-Based,Medium,Adequate,8.772885506335005
22.548613572653203,39.0,29.758193932808673,Masters,0.6489156594241319,,Urban,Diverse,Interactive,Low,Abundant,8.710752686027856
13.319811024175435,41.0,18.943143226203034,Professional,21.07176164227421,Science,Rural,Diverse,Project-Based,High,Abundant,5.303100897288685
16.60461228867252,25.0,10.254262001494725,Professional,92.29039783824625,Arts,Rural,Diverse,Traditional,Low,Abundant,9.318060910632635
9.304299201115088,24.0,19.45427318386472,Doctorate,38.90776583965055,Science,,High Needs,,High,Adequate,5.091236229954605
5.466058701083226,14.0,26.677375871828527,Professional,94.84315944833736,Social Studies,Suburban,Diverse,Interactive,High,Abundant,
6.950310422340138,20.0,20.320512746806546,Professional,67.27203063623568,Science,Rural,High Needs,Interactive,Medium,Abundant,7.173650431096131
15.799933210752425,39.0,24.634989881726085,Doctorate,28.603361112773428,Social Studies,Urban,High Needs,Technology-Based,Medium,Adequate,
15.40559235109663,26.0,,Doctorate,42.29695038336483,Science,Rural,,Interactive,Low,Adequate,3.1811328268326875
8.308078669921514,11.0,7.718992417719121,Professional,92.39089216903771,Social Studies,Urban,Homogeneous,Technology-Based,Medium,Adequate,9.572208471509184
9.471200996053518,36.0,32.63719180316531,Doctorate,28.32969358345112,Language,Urban,High Needs,Interactive,Low,Limited,
12.285758116951227,28.0,4.967985073627262,Masters,35.78276133706553,Language,Rural,High Needs,Traditional,Low,Limited,2.4561099533105484
12.949490162352975,30.0,1.3676981631618237,Doctorate,38.581460606037034,Language,Urban,Homogeneous,Traditional,Medium,,3.0833166424262033
20.670656754178736,25.0,30.092949560689092,Doctorate,55.80286390035402,Science,Rural,,Interactive,High,Adequate,6.321398439735157
16.91665088924336,23.0,18.069888260236052,Bachelors,16.476785756133793,,Suburban,High Needs,Interactive,Low,Limited,9.680963643814414
10.467703299852163,,2.6999608555311596,Masters,86.17031653504846,Social Studies,,High Needs,,,Abundant,1.2578610272905584
,11.0,27.04290419505377,Bachelors,41.981384429250646,Social Studies,Rural,Homogeneous,Project-Based,Medium,Limited,6.821562883915307
18.55481210200322,23.0,26.105691156785543,Doctorate,62.483890830610164,Social Studies,Suburban,Homogeneous,Traditional,Low,Adequate,8.92368995391718
17.602096872717247,25.0,28.946912830721725,Professional,52.76384054054112,Math,Suburban,Homogeneous,Technology-Based,Medium,Adequate,3.572351643866127
18.963894318720275,33.0,6.228032670675649,Bachelors,58.12855565899299,Social Studies,Suburban,Homogeneous,Interactive,High,Abundant,2.181519064976391
13.823651997215023,22.0,31.73753582231437,Doctorate,91.80604366989247,Language,Suburban,High Needs,Interactive,Low,Limited,9.277126350024876
23.795853682970396,12.0,16.239318664038738,Bachelors,87.90211264393791,Science,Rural,Homogeneous,Traditional,Medium,Adequate,7.995020130667363
19.310071965258956,42.0,25.193851416274644,Bachelors,3.007188169371988,Arts,Suburban,Homogeneous,Traditional,Low,Limited,9.553329349695513
11.050077572018793,10.0,15.23894637944941,Masters,43.63759498514971,Social Studies,Rural,High Needs,Technology-Based,High,Abundant,5.5334346717858995
5.470809772487972,16.0,17.53376592358821,Masters,0.12030623250658401,Arts,Urban,High Needs,Technology-Based,Medium,Abundant,2.509160015184
11.153401092670434,28.0,22.556097148447993,Bachelors,15.112387144990658,Science,Suburban,High Needs,Technology-Based,High,Abundant,5.225903223552682
14.33717496807867,40.0,9.699479422506775,Masters,74.81938668643589,Social Studies,Rural,Homogeneous,Interactive,Low,Limited,2.827749768881054
10.886434684799724,14.0,4.731103575356239,Professional,88.23694640916031,Social Studies,Suburban,High Needs,Interactive,High,Adequate,8.87018979536543
6.023458500082485,32.0,10.115767027270847,Professional,34.00138730249675,Science,Suburban,Homogeneous,Project-Based,Medium,Adequate,9.689783156212291
7.254406665316107,27.0,26.057651979745025,Masters,21.787147893645674,Math,Rural,High Needs,Interactive,Medium,Abundant,6.914254799571913
24.685056920432466,39.0,15.914727720276272,Doctorate,23.330726382199064,Social Studies,Urban,Diverse,Traditional,Low,Abundant,1.0207499838516365
8.134747694442126,,16.501244700880637,Doctorate,22.876690897602803,,Urban,High Needs,Interactive,,Adequate,7.8369668787079085
13.323251003870642,17.0,13.108524574767632,Doctorate,93.99717872648682,Arts,Urban,High Needs,Project-Based,Low,Adequate,4.472786415021847
9.697391953658272,44.0,13.433296747080472,Masters,69.30994307633014,,Suburban,Homogeneous,Project-Based,High,Limited,6.6001483722802305
21.207377949476946,17.0,8.257905028007363,Professional,37.890980703844015,Language,Urban,High Needs,Project-Based,Low,Abundant,1.2519237707769033
12.989062270295177,39.0,6.77717419940636,Masters,34.485178491276905,Social Studies,Rural,High Needs,Technology-Based,Low,Limited,7.772173338566847
9.698047699325393,39.0,4.888155825897117,Professional,99.19763521593289,Math,Suburban,High Needs,Project-Based,High,Adequate,6.969420592356965
20.90055402339652,36.0,33.86104048482449,Doctorate,,Science,Rural,Diverse,Traditional,,Abundant,7.378509296240911
14.135766940579742,33.0,31.50763338825139,Doctorate,10.02157130110537,Math,Urban,High Needs,Traditional,Low,Adequate,7.7338206898986055
10.947009398091044,11.0,6.052590962320547,Professional,4.796896743335044,Social Studies,Urban,Diverse,Interactive,Low,Adequate,3.9284308642951085
,24.0,18.732703216082907,Doctorate,75.12025275066658,Arts,Rural,Homogeneous,Project-Based,Low,Adequate,7.021503680816043
13.271600818154944,40.0,15.074284964017322,Bachelors,3.3865716004318314,Social Studies,Urban,Homogeneous,Traditional,Medium,,2.4754279685849823
13.425143146609251,37.0,3.5781031801638106,Masters,57.08564449864226,Language,Rural,,Interactive,High,Limited,5.019361591103195
10.798584785594745,31.0,10.58525555795381,Professional,83.64632091237284,Math,Suburban,Diverse,Traditional,High,Adequate,1.6952623525830848
24.893676968483152,29.0,11.394533110733175,Bachelors,51.054247578889786,Social Studies,Urban,,Interactive,Low,Abundant,6.808405779317315
16.17955508553315,13.0,5.72522684188864,Professional,27.275732062557225,Social Studies,Urban,Homogeneous,Interactive,High,Adequate,
15.510700295916088,19.0,3.4117498732755225,Professional,12.834850175614253,Math,,Homogeneous,Project-Based,,Adequate,8.365569381841144
13.551769490184775,16.0,34.525351961693254,Masters,38.08164469169808,Arts,Suburban,Homogeneous,Project-Based,High,Limited,
20.4619407779916,17.0,12.673142026745133,Bachelors,22.423725118276792,Math,Rural,Diverse,Interactive,Low,,5.186828011947092
7.2087391253041,,4.535192691317844,Masters,64.36699043478093,Science,Suburban,Diverse,Interactive,Medium,Limited,1.3457600978705346
21.352720671148145,33.0,1.8725465803282748,Professional,5.847172590573313,Arts,Suburban,High Needs,Project-Based,High,Limited,1.1409187425876997
9.02992184823371,32.0,17.973276495106447,Professional,91.89294623896511,Social Studies,Rural,Diverse,Interactive,,Limited,1.846298723329856
24.183362569876667,30.0,,Professional,9.327378097916084,Social Studies,Suburban,High Needs,Technology-Based,Medium,Abundant,8.7435642496919
20.900780113355214,14.0,6.00276282103392,Bachelors,42.73219471432771,Social Studies,,Homogeneous,Traditional,Medium,Adequate,7.43943703555345
19.473124884144905,34.0,33.265236023521325,Bachelors,30.62890566535652,Math,Rural,High Needs,Technology-Based,Medium,Abundant,9.226419840256487
22.085786793321688,39.0,25.341675943749173,Professional,45.35240442505,Science,Rural,High Needs,Traditional,High,Abundant,9.18109268863941
14.889234746367755,32.0,14.254671052507726,Bachelors,75.77844070683794,Social Studies,Urban,Homogeneous,Interactive,Low,Limited,5.840799466066241
19.98970663040744,20.0,25.928333578687056,Professional,68.12891128564279,Math,Rural,High Needs,Interactive,Medium,Limited,4.427489508133266
24.42897770505899,17.0,26.98072736080134,Professional,84.57736282189117,Language,,Homogeneous,Traditional,High,Adequate,5.236092972511077
17.773845973140077,34.0,14.278942247627675,Masters,,Arts,Urban,Diverse,Project-Based,High,Adequate,2.953377251956138
13.091753903856766,29.0,34.30267299660179,Professional,63.21994913000486,Language,Suburban,High Needs,Interactive,Medium,Abundant,9.740851784878707
22.692284261602705,12.0,19.91976157789562,Masters,84.62405464749673,Social Studies,,Homogeneous,Technology-Based,High,Abundant,8.976959225985564
11.240772125023078,12.0,24.25016388633081,Professional,0.5732871186513333,Social Studies,Urban,Diverse,Interactive,High,Abundant,4.009097567893505
22.90666851982666,14.0,11.34831073418955,Professional,59.80861172083587,Science,Urban,High Needs,Technology-Based,Low,Limited,5.36733213383907
6.119201537818004,16.0,12.000978950244546,Doctorate,54.70288090504995,,Suburban,High Needs,Project-Based,High,Limited,4.927033202104905
9.785835953773452,28.0,,Doctorate,53.3718761972615,Math,Suburban,Diverse,Traditional,Medium,Limited,7.102226961837926
7.68085039455741,30.0,5.014925124090781,Masters,27.529985585460025,Science,Suburban,High Needs,Project-Based,,Limited,6.293913877593869
,21.0,27.50806156724737,Doctorate,18.900613794388565,Language,Rural,Diverse,Technology-Based,High,Adequate,5.27089408858464
9.164092553449484,14.0,13.277564401942376,Professional,93.01222938721601,Science,Suburban,Homogeneous,Traditional,Medium,Abundant,5.390614490733944
,24.0,17.296403574742836,Bachelors,41.28488856161503,Science,Urban,Homogeneous,Project-Based,High,Abundant,3.4373695944279885
22.877148567404898,39.0,34.981141715008086,Professional,3.180042685211737,Social Studies,Urban,Diverse,Interactive,Low,Abundant,4.52462555014737
17.569135195619598,37.0,30.31552434101162,Professional,70.60788121048576,Arts,Rural,Homogeneous,Interactive,Low,Abundant,9.766844447876323
8.281720860552593,10.0,15.618347005282299,Doctorate,41.885031197783704,Science,Suburban,High Needs,Interactive,Medium,Limited,8.558558278240751
23.92916907566726,39.0,33.59377715358268,Doctorate,5.34268361339334,Social Studies,Suburban,Homogeneous,Interactive,Medium,Abundant,9.826789768446258
11.107332913440082,34.0,16.992106452336834,Bachelors,24.430575970838277,Social Studies,Rural,High Needs,Technology-Based,Medium,Adequate,4.518225869432719
20.505005619183798,14.0,32.61872211707387,,99.98038886917641,Arts,Rural,Diverse,Interactive,Low,Abundant,3.4440996688688603
9.590070441411031,12.0,12.38477110954353,Professional,11.875095933668911,Arts,Suburban,Diverse,Interactive,Low,Adequate,8.838720149348081
21.1577475669976,31.0,28.46991898736426,Bachelors,78.22048206775058,Language,Rural,High Needs,Technology-Based,Low,Limited,
10.049253872685176,12.0,32.169963520528704,Professional,72.69976412101258,Social Studies,Rural,Diverse,Technology-Based,High,Adequate,5.354063524163274
22.85130110620994,21.0,25.51357983858111,Professional,22.49776481996101,Social Studies,Urban,Homogeneous,Project-Based,Low,Adequate,7.961212333885865
15.386253008809462,13.0,17.24242516126518,Doctorate,80.81749646292982,Arts,,Homogeneous,Traditional,Medium,Limited,7.686263867655803
8.648983816994631,38.0,7.280120942558118,Doctorate,25.683178790300133,Language,Urban,Diverse,Technology-Based,Low,Limited,
13.76718040758606,34.0,7.084214802429976,Bachelors,54.65055303677552,Language,Suburban,High Needs,Project-Based,High,Adequate,1.2621621113416863
11.477722122135825,,10.786048004382035,Doctorate,39.63312984953296,Arts,Rural,Homogeneous,Project-Based,Low,Abundant,1.5597707144431028
6.385277420166653,14.0,4.106414069332181,Doctorate,37.72440385138589,Science,Rural,High Needs,Interactive,Low,Adequate,5.252497776537157
9.996534668669277,27.0,1.661314393908596,Doctorate,7.714484820704848,,Urban,Homogeneous,Interactive,High,Abundant,8.666626858923637
14.305152031135751,16.0,22.080683561801123,Masters,58.432013079628945,Social Studies,Rural,Diverse,Traditional,,,7.64148131191847
10.577836693948367,26.0,8.10525275989973,Doctorate,68.35089476461395,Language,Suburban,Diverse,Technology-Based,Medium,Abundant,9.764742770918495
14.25666270644471,39.0,21.745828379361782,Doctorate,59.26988785753659,Social Studies,Urban,Diverse,Interactive,High,Limited,8.742047089699668
6.797820064278053,38.0,21.631741731700842,Bachelors,24.31534339909842,Language,Urban,High Needs,Technology-Based,High,,8.159633154550162
17.865086773291456,,33.468259616105,Masters,34.13065783986469,Math,Rural,Diverse,Interactive,Low,Limited,8.428994205847422
6.234109829915846,10.0,6.511496447622044,Doctorate,2.9393380258136537,Language,Urban,Homogeneous,Interactive,Low,Limited,6.540999082061365
22.660401161894256,29.0,26.045013439293886,Masters,9.448856411158001,Language,Urban,Homogeneous,Technology-Based,High,,9.680713515953942
20.06430165436675,39.0,7.444890526590586,Professional,85.44103315205092,Arts,Urban,,Project-Based,Low,Abundant,4.512449380551001
6.646033890960748,10.0,1.7988920057144169,Bachelors,83.16928819721724,Language,Urban,Homogeneous,Technology-Based,Low,Limited,2.5969806007773095
20.990558804719353,,5.900671746597139,Masters,88.78824082665753,Math,Suburban,Diverse,Technology-Based,High,Adequate,6.1916079669825494
19.103473504949164,41.0,3.36214261874823,Bachelors,45.083720228817306,Language,Suburban,,Interactive,Medium,Adequate,9.33476362517484
22.732627749170717,35.0,18.62975791240863,Bachelors,25.271045419759975,Math,Urban,Homogeneous,Interactive,Medium,Limited,5.070182258600287
24.883538842416517,34.0,18.0558241988961,Professional,46.31613379147067,Science,Suburban,Homogeneous,Interactive,Medium,Limited,2.9260100299825074
9.967215370662544,13.0,,Bachelors,97.85975514601421,Social Studies,Urban,Homogeneous,Interactive,High,Adequate,6.092588790341914
9.135511161156046,37.0,31.689052164966203,Masters,28.52236814345428,Science,Suburban,Diverse,Project-Based,Low,Adequate,8.186188848481708
7.850124713655804,21.0,24.194464801604024,Doctorate,20.221823894439417,Arts,Rural,High Needs,Traditional,High,Adequate,8.167808141131067
10.80953769316914,43.0,5.794362880601831,Masters,24.22963109980096,Arts,,High Needs,Interactive,Low,Limited,8.116474536729992
5.2907105149720195,29.0,6.681206819125807,,61.487797414280735,Arts,Rural,Diverse,Traditional,High,Adequate,6.168676086595163
14.850452203971393,38.0,17.105375871602536,Bachelors,69.17100074400854,Social Studies,Urban,High Needs,Technology-Based,High,Adequate,
5.449992735821592,20.0,29.21871105252376,Professional,24.508484598547675,,Urban,Diverse,Interactive,,Limited,8.328341866822257
7.877153694814972,38.0,31.91503520524117,Masters,,Math,Suburban,Diverse,Traditional,High,Abundant,7.788123370787859
17.12498582903661,19.0,1.0045985745058894,Professional,50.33177050436114,Social Studies,Suburban,Homogeneous,Project-Based,Medium,Adequate,6.80563426685892
16.3274168341474,40.0,27.15268715763488,Doctorate,15.194354118703012,Language,Urban,Diverse,Project-Based,Low,Adequate,8.847014732801153
12.758552153508663,10.0,19.85293874279097,Doctorate,74.62089143360112,Social Studies,,Homogeneous,Interactive,High,Adequate,5.164795507116747
6.300224147890785,29.0,28.06582777192516,Doctorate,96.72455476402338,Arts,Urban,Diverse,Project-Based,Low,Abundant,2.3652781468146893
24.449101920923944,24.0,3.5958378057621756,Doctorate,36.55988044169192,Science,Rural,Diverse,Technology-Based,Low,Adequate,6.271310819354047
11.732887986821531,17.0,1.2630624973728921,Bachelors,13.736677008950327,,Suburban,High Needs,Technology-Based,Medium,Limited,4.63753030995019
12.864027021696032,18.0,21.22010102044312,Professional,29.85188036367109,Social Studies,Suburban,Homogeneous,Project-Based,High,Limited,
24.938138471771417,44.0,14.054418387024874,Bachelors,28.537336114326383,Language,Suburban,Homogeneous,Project-Based,High,Adequate,6.382654367052191
18.72733028948175,32.0,6.634118179030384,Bachelors,98.90946366022654,Science,Urban,High Needs,,Low,Adequate,5.121494091695327
10.879566209109006,27.0,17.484320202047506,Masters,41.56162471964077,Science,Suburban,Homogeneous,Traditional,,Limited,2.5247533832967646
17.94740484582734,10.0,15.649656626452789,Professional,52.31701889534794,Math,Rural,Diverse,Technology-Based,Medium,Adequate,7.016951755919165
14.71138480496409,22.0,11.602965930679419,Masters,53.30911797454968,,Suburban,High Needs,Technology-Based,Medium,Abundant,2.5998806632198344
5.1411817951863314,34.0,8.517434572552482,Doctorate,57.40286918490713,Social Studies,Suburban,High Needs,Traditional,High,Adequate,9.634217938839965
15.18871566889382,14.0,,Masters,98.12307432101328,Social Studies,Rural,Diverse,Traditional,High,Limited,3.108409459294765
18.51084129622994,,9.073449839000496,Doctorate,9.328904829794226,Arts,Rural,Diverse,Interactive,High,Adequate,6.935729447354861
16.708823009825977,19.0,3.2291457219191013,Doctorate,65.9158518161967,Social Studies,Suburban,High Needs,Interactive,Low,Abundant,7.08716162831454
24.383591815295386,16.0,3.7355584166413585,Doctorate,78.64355444625272,Language,Rural,Diverse,Traditional,Low,Limited,4.194077770449156
14.801077066874182,38.0,21.653464114582405,Professional,62.76938954983916,Arts,Urban,Diverse,Project-Based,High,Adequate,6.189092645805662
10.117707721971787,20.0,16.66256938436323,Doctorate,44.729637922381094,,Suburban,Diverse,Traditional,Medium,Abundant,3.316636105364218
9.862786834228693,37.0,2.3405976994739586,Professional,57.05493818963653,Math,Urban,Homogeneous,Technology-Based,High,Adequate,5.181429127578124
20.600690088798707,20.0,33.15549567511325,Professional,80.53878921036967,Science,Suburban,Homogeneous,Technology-Based,High,Abundant,1.5986287211971852
7.914690957733718,42.0,31.298411331048396,Bachelors,58.29082793280155,Science,Urban,,Project-Based,Medium,Limited,3.360536836852525
13.114744502547804,26.0,5.635728603786077,Masters,41.53276591198121,Language,Suburban,Diverse,Project-Based,Low,,4.203502765573287
16.96887842900358,24.0,31.693828514489898,Masters,42.44766033299413,Math,Suburban,Diverse,Project-Based,Low,Limited,1.4687870195892374
,16.0,9.105050915441371,Professional,22.28169404084699,Science,Rural,Diverse,Traditional,High,Abundant,2.810436336677293
12.728680040267555,43.0,,,57.894947892416994,Language,Urban,Homogeneous,Technology-Based,Medium,Abundant,6.276831038016108
17.45573012966133,23.0,15.518553242455036,Doctorate,7.155976763158122,Language,Suburban,High Needs,Traditional,Medium,Adequate,4.401710721477186
18.302934047422635,37.0,11.55191315036955,Doctorate,52.88344425353818,Language,Urban,Diverse,Project-Based,Medium,Abundant,5.866905840224826
8.437577065339863,33.0,32.28580883917301,Doctorate,32.61455980516056,Language,Urban,Diverse,Project-Based,High,Abundant,6.136948231285635
6.926782341013384,34.0,17.742214750334046,Masters,47.770489705383504,Math,Urban,Diverse,Traditional,Medium,,4.332601600810501
23.451166626096416,35.0,3.697593845969882,Bachelors,53.22982881640296,Language,Suburban,Diverse,Interactive,Low,Limited,8.293880934682791
14.74357384304976,25.0,33.36315075266068,Doctorate,39.30997295390759,,Suburban,High Needs,Traditional,High,Adequate,3.1920625378573844
17.907848125729597,20.0,21.12631268848222,Bachelors,83.06711752099204,Science,Rural,Homogeneous,,Low,,6.2492082035155985
8.069897381346106,33.0,23.806233844674153,Masters,19.67402161430981,Social Studies,Rural,Diverse,Interactive,Medium,Limited,1.721791097526446
14.134158848862118,32.0,22.880692269013068,Professional,90.41828076062465,Arts,Urban,High Needs,Technology-Based,High,Limited,2.9820723140756193
8.71342647872698,14.0,16.25254509043223,Bachelors,99.74399699053731,Science,Urban,Homogeneous,Interactive,Medium,,1.5528151600993851
6.094303887381615,33.0,7.673660883916396,Doctorate,97.12313189087048,Arts,Suburban,High Needs,Traditional,Low,Adequate,
23.234844167724294,24.0,31.390100482860596,Doctorate,,Science,Urban,,Technology-Based,High,Adequate,5.145821383547189
16.76541203896686,42.0,8.699867985094738,Masters,78.82558041635694,Science,Suburban,Diverse,Traditional,Low,Adequate,5.955191404563866
13.817870269869857,44.0,,Doctorate,86.2716061248106,Language,Rural,Diverse,Traditional,High,Adequate,2.9931594333630436
21.829081981279657,15.0,25.081383428628275,Professional,14.483411945040391,Language,Suburban,High Needs,Interactive,High,Abundant,9.641205013064857
14.948725235614656,12.0,14.848397168262752,Bachelors,71.6714507230772,Social Studies,Urban,Diverse,Technology-Based,Low,Abundant,8.344731698788024
6.92165913213056,42.0,21.970727831138557,Masters,44.624105271277024,Social Studies,Urban,Diverse,Project-Based,High,Limited,
21.205631909769078,33.0,32.00638111620454,Doctorate,69.26475899612977,Math,,High Needs,Interactive,Medium,Adequate,8.134919626513996
14.980527330266643,24.0,25.189173915050983,Professional,30.687431185422497,Science,Rural,Homogeneous,Traditional,High,Limited,8.910511430012054
13.386046616978835,28.0,2.765085643366982,Doctorate,18.359919321314766,Science,Urban,Homogeneous,Traditional,High,Limited,4.091597195351552
19.74812193249716,,15.194217195931158,Doctorate,55.32611558093481,Social Studies,Suburban,Diverse,Project-Based,Medium,Adequate,4.773116310520625
16.791338090276113,22.0,7.455864157882437,Masters,22.6120671330981,Math,Rural,Diverse,Interactive,Medium,Limited,7.9753357633993085
17.200087263260812,10.0,31.222177686104512,Professional,91.79643539086292,Math,Urban,High Needs,Traditional,High,Adequate,7.332597553283879
22.56150225697835,44.0,22.654140592172396,,2.4466220843298747,Arts,Urban,High Needs,Interactive,High,Limited,3.475344032698112
14.328153339933252,20.0,22.787013110442008,Doctorate,49.71017821606839,Social Studies,Rural,Homogeneous,Interactive,Medium,Adequate,6.0306115649427525
10.731817928433916,34.0,10.309119328564668,Doctorate,10.683600890266243,Arts,Rural,Diverse,,High,Adequate,2.0554638055968817
11.31255593226754,40.0,11.111092894702765,Bachelors,80.97199689395266,Math,Rural,High Needs,Traditional,Low,Adequate,3.1527966354205996
24.081986183783613,43.0,17.463913189504897,Professional,36.32835153398941,Math,Suburban,High Needs,Project-Based,High,Limited,5.4380405746595795
5.754485650408845,15.0,15.619811881196888,Masters,1.262871991698289,Math,Rural,Diverse,Interactive,Medium,Limited,4.664478539828766
15.304781807676884,30.0,32.124019970880866,Bachelors,97.22158087025205,,Suburban,High Needs,Project-Based,Medium,Adequate,7.335565639858415
20.512858966533262,44.0,33.36530624618633,Doctorate,70.72476220997393,Math,Suburban,Diverse,Project-Based,,Abundant,5.406286912288492
20.53105299630009,10.0,4.4573504344218655,Professional,10.901039801993495,Math,Rural,Homogeneous,Project-Based,Medium,Adequate,3.2047752565295013
23.32300358971261,17.0,6.68984254530097,,70.67476650262658,Social Studies,Suburban,Homogeneous,Technology-Based,Medium,Adequate,6.176705935743906
22.92865562477946,19.0,17.344352715234475,Doctorate,30.206287254852526,Language,Suburban,Homogeneous,Technology-Based,High,Adequate,2.0861333275477225
24.727625774509075,27.0,,Bachelors,38.109273741704875,Science,,,Traditional,Medium,,9.950708745712125
10.721599144425442,40.0,33.091121439906786,Masters,36.91377763030474,Math,Rural,Homogeneous,Project-Based,High,Limited,8.191634793060949
11.897671081117773,30.0,22.934073473348054,Masters,13.664004216725079,Arts,Urban,High Needs,Technology-Based,High,Abundant,2.3772235010650067
18.970763508959543,22.0,34.390818772261184,Doctorate,93.66602667730595,Arts,Suburban,Diverse,Project-Based,Medium,Limited,7.525785049853579
10.21443749042706,30.0,28.095692636413325,Professional,93.28607112322082,Science,Rural,Homogeneous,Interactive,High,Adequate,6.073658885049844
18.511628075681138,37.0,3.4325848798412566,,66.57463160682352,Arts,Urban,Homogeneous,Technology-Based,Low,Abundant,7.574242108860152
17.10463994926647,39.0,18.240641934322586,Masters,31.95416416322153,Arts,Rural,,Traditional,High,Adequate,4.0354764007056545
14.253156869283991,26.0,13.483403003733242,Professional,53.82115750213033,Social Studies,Rural,Diverse,Interactive,Medium,Abundant,3.3671990274766777
9.592239312217641,27.0,31.51896375878599,Bachelors,88.24095766966146,Arts,Urban,High Needs,Technology-Based,Medium,Limited,4.724046123065837
10.864049085250711,31.0,23.354236593475335,Doctorate,3.3579481200852968,Science,Urban,High Needs,Interactive,Medium,Adequate,8.237491493336066
,28.0,6.6521703442585105,Bachelors,32.05679018724379,Arts,Suburban,High Needs,Traditional,High,Adequate,9.54018204704852
20.895741032538602,19.0,,Professional,3.3382050786712303,Social Studies,Rural,Homogeneous,Project-Based,Low,Limited,9.746398260702346
6.970075459592923,44.0,7.483816401411977,Masters,76.16797509792548,Math,Rural,Diverse,Traditional,Medium,Adequate,7.814915273680956
8.910047440831017,27.0,4.286641094087702,Bachelors,22.91822787696883,,Rural,Homogeneous,Project-Based,High,Limited,9.206734655085326
9.807373967831426,35.0,17.334821445217344,Professional,95.0294841469287,Language,Suburban,Diverse,Traditional,High,Adequate,1.9870416834493494
9.317818076525539,,1.185872682811741,Doctorate,5.635760097263221,Science,Suburban,High Needs,Traditional,,Adequate,5.874884675000514
17.820567100403,26.0,24.2570679246168,Professional,86.4412502584108,Science,Urban,Diverse,Project-Based,Medium,Adequate,2.039891088628805
7.872882615558721,39.0,9.45730836715085,Bachelors,75.2208761883581,Math,Rural,Homogeneous,,High,Limited,7.656008538588651
8.370257337250479,22.0,25.662692400690297,Professional,18.441254867086244,Arts,Urban,Homogeneous,Interactive,High,Adequate,4.449534307808813
21.08201278579729,36.0,20.599275645624033,Bachelors,81.16513119412036,Science,Rural,Diverse,Traditional,Medium,Abundant,9.763816226072139
18.717747770550762,19.0,14.883997770391435,Professional,67.74502398828521,Arts,Rural,High Needs,Project-Based,High,Adequate,9.282219635081384
7.215030317095204,33.0,25.384864845084355,Masters,40.932355244391005,Arts,Rural,Diverse,Project-Based,Medium,Abundant,1.6764304678214574
14.938299994591208,41.0,1.4424591063625083,Bachelors,55.91848639381543,Social Studies,Rural,Homogeneous,Traditional,Low,Adequate,1.6500368904992921
6.02523812575793,10.0,5.776485961903672,Professional,15.41305845324561,Social Studies,Rural,High Needs,Project-Based,Low,Limited,6.66038818372434
20.775463314302982,13.0,8.583408121236975,Bachelors,51.19357003510587,,Suburban,Homogeneous,Traditional,High,Limited,7.236046977514432
18.09512838951945,44.0,33.86712034542519,Professional,52.301918710202585,Language,Rural,High Needs,Project-Based,High,Limited,
9.142807760801972,16.0,10.285387583591627,Bachelors,24.955064474945953,Science,Suburban,Diverse,Technology-Based,High,Adequate,3.125087711585799
5.042426879832719,28.0,5.820817787326939,Masters,52.89288622079265,Science,Urban,High Needs,Traditional,High,Adequate,3.2266010439006623
20.711351696684872,33.0,25.216251141024188,Doctorate,63.56491123927037,Arts,Suburban,High Needs,Project-Based,Medium,Adequate,1.72271786464697
5.495960557754134,27.0,7.0877222517698675,Professional,95.65216827660791,Science,Suburban,High Needs,Technology-Based,Low,Limited,9.944750783800206
23.32231876927518,,15.68500506234014,Professional,28.170679781863804,Science,Suburban,Homogeneous,Project-Based,Low,Abundant,5.4517780217846825
10.228438247543917,34.0,16.657995127642508,Doctorate,82.6757973714367,Language,Urban,Homogeneous,Project-Based,High,Abundant,7.001064426467686
11.545869413890145,28.0,22.906729916300083,Professional,52.120787170975056,Science,Suburban,Homogeneous,Technology-Based,Medium,Abundant,8.147260618058631
15.324550414828558,23.0,11.470587908329842,Professional,82.12136092906528,Math,,High Needs,Technology-Based,Medium,Abundant,5.010749081237096
11.870108630800312,18.0,3.3292896565234216,Doctorate,84.26847073912244,Arts,Urban,Homogeneous,Interactive,High,Adequate,9.899747809422447
10.277671609225894,35.0,14.337595453528511,Professional,25.882983997529852,,Urban,Diverse,Project-Based,Low,Limited,
12.260975339110802,41.0,30.446595049529876,Professional,26.752361572675543,Arts,Urban,Homogeneous,Technology-Based,Medium,Adequate,4.497034288036304
23.161495268332978,31.0,23.38652026381929,Doctorate,14.457598696538732,Language,Suburban,Homogeneous,Project-Based,Medium,Adequate,2.410781037791755
16.893900116259548,13.0,2.1524475613617238,Masters,68.55365033819632,Math,Rural,Homogeneous,Project-Based,Low,Adequate,4.348510474881518
7.7904734966759825,,11.099179271918285,Professional,72.0808338253548,Social Studies,Suburban,Diverse,Interactive,Medium,Limited,4.865614623298104
15.2935397889041,36.0,25.423757022944272,Bachelors,95.5622884703071,Arts,Rural,High Needs,Technology-Based,High,Limited,8.408161142686174
12.188279914120749,32.0,31.48710241764282,Doctorate,39.30102771495899,Language,Suburban,High Needs,Traditional,Low,Adequate,6.931769721744056
11.572421024619743,11.0,8.835310496094788,Masters,13.339234682458134,Science,Rural,Homogeneous,Traditional,Medium,Limited,8.10468823193281
18.169434669082076,23.0,23.759457466433314,Doctorate,43.23150889834646,Science,Suburban,High Needs,Project-Based,High,Abundant,4.699129980749092
18.171813077462573,15.0,12.68862264265306,Professional,54.07325969515641,Science,Suburban,Homogeneous,Interactive,High,Adequate,3.0493047612697097
21.726281447975648,,23.293889479392167,Masters,92.61463576340347,Arts,Rural,Diverse,Project-Based,Low,Limited,1.4052237752200223
10.118456903343002,37.0,22.038367109784755,Doctorate,85.62873573481055,Language,Urban,Diverse,Project-Based,High,Abundant,8.80688149316979
,16.0,16.762529065994382,Doctorate,7.82982656992205,Language,Urban,High Needs,Project-Based,Low,,4.617494384897874
20.011107441189502,40.0,22.335622714833892,Masters,5.28437273935195,Language,Urban,Diverse,Interactive,High,Adequate,
20.804040082014517,29.0,5.786778928538711,Doctorate,10.390432932614246,Social Studies,Suburban,Diverse,Technology-Based,High,Adequate,5.5985704615971486
7.002765685520014,10.0,14.711585236965679,Professional,92.08081395538214,Science,,Homogeneous,Project-Based,Medium,Adequate,6.649112567575406
15.351980016766651,41.0,15.201343271141171,Professional,54.83363792338854,Social Studies,Rural,Homogeneous,Technology-Based,Medium,Limited,5.144441604656671
24.607427874865152,30.0,14.375986329807803,Doctorate,9.050955000768147,Math,Suburban,High Needs,Project-Based,,Adequate,2.690557320806679
5.965855403393709,40.0,32.86735832238027,Bachelors,65.75990093986822,Language,Rural,Homogeneous,Technology-Based,Low,Abundant,8.080731676590101
9.824793106056537,29.0,16.919177817809896,Bachelors,10.81717764471849,,Suburban,High Needs,Project-Based,High,Adequate,1.5567582977322347
9.579330827931887,,1.5441995579371108,Doctorate,27.39852647562714,Language,Rural,Diverse,Project-Based,Medium,,3.4746431638569164
20.848691339585574,41.0,19.730639375446067,Professional,63.81975925829989,,Suburban,Homogeneous,Technology-Based,Medium,,5.574675422632684
21.348739570019262,29.0,24.98283390951254,Professional,39.493410317250635,Language,Suburban,Homogeneous,Interactive,High,Adequate,
14.335011181766797,24.0,,Bachelors,21.009773729921445,Social Studies,Suburban,High Needs,Project-Based,Low,Abundant,4.249454369373749
8.881492734439139,37.0,21.156158201301817,Bachelors,65.47261144209982,,Suburban,Diverse,Traditional,Low,Abundant,8.341787455549603
14.932131278310095,37.0,24.725222890352025,Professional,85.94652951447654,Science,Urban,High Needs,Traditional,High,Limited,2.5943012169441695
,10.0,28.744360390748188,Bachelors,,Science,,Homogeneous,Traditional,Low,Limited,8.886118323871418
10.693534669693936,29.0,30.033124670581902,Masters,95.68994788875429,Arts,Rural,Diverse,Project-Based,Low,Limited,3.7394403793109827
7.161120696153123,14.0,30.14915418284459,Professional,3.6935577673178344,Language,Suburban,High Needs,Interactive,Medium,Adequate,6.999064251701124
14.590613800360398,17.0,30.067841122430547,Professional,6.703770703153655,Social Studies,Urban,Homogeneous,Technology-Based,Low,Adequate,5.591623034343174
12.986966514219112,38.0,6.207764860921909,Bachelors,94.15800665957318,Arts,Suburban,Homogeneous,Interactive,Medium,Limited,9.721569064039784
23.430687258352624,28.0,7.734157059580006,Bachelors,12.82214635762957,Math,Rural,High Needs,Technology-Based,High,Abundant,4.719560640311133
14.8227002749546,28.0,,Masters,42.16782476269043,Language,Rural,Homogeneous,Technology-Based,Low,Adequate,3.023895764689925
16.006597392859128,37.0,16.22000591223548,Doctorate,39.63224492198897,Social Studies,Rural,Homogeneous,Technology-Based,High,Limited,3.797491365140324
13.275917135459935,21.0,5.0249932055053685,Professional,,Arts,Rural,High Needs,Technology-Based,High,Abundant,7.963401965892094
23.032411962033365,40.0,31.950350818238306,Bachelors,98.8493436935321,Math,Urban,Diverse,Technology-Based,Medium,Limited,7.334693590175085
8.907710648850674,14.0,28.01783202204285,Professional,41.37572597748864,Language,Suburban,Homogeneous,Technology-Based,High,Abundant,6.5100000949943615
6.052004263050135,35.0,17.327970400161192,Bachelors,41.93409869019321,Social Studies,Suburban,Homogeneous,Traditional,High,Limited,8.488565151369482
14.496439096575367,42.0,28.182765252520944,Doctorate,,Social Studies,Rural,,Interactive,Low,Limited,7.521073178176492
23.836223757530718,25.0,33.30002837357942,Doctorate,39.27264328093752,Arts,Rural,Diverse,Technology-Based,Low,Adequate,1.5540365972455763
13.62495163022036,35.0,2.595237313339328,Professional,81.49169109712236,Math,Rural,Homogeneous,Project-Based,High,Abundant,2.8349227001434625
13.801557442472468,26.0,22.662090713669325,Bachelors,33.51425545385563,Science,Rural,Diverse,Project-Based,High,Limited,5.719338974619113
22.475905558114032,29.0,15.752873563116596,Masters,36.90472506436553,Arts,Urban,,Traditional,Low,Adequate,3.384371115206446
22.923452892747754,33.0,3.1921181473278493,Bachelors,1.374831267176846,Math,Suburban,Diverse,Traditional,Low,Limited,7.221598869992846
8.686153702069772,23.0,,Bachelors,20.935596519968,Social Studies,Urban,,Interactive,Low,Abundant,4.165250686876734
19.68374866764087,38.0,20.075022919545447,Bachelors,5.702048110868041,Arts,Suburban,Homogeneous,Technology-Based,Medium,Abundant,5.921408855576058
21.302005494243744,33.0,33.9894811024534,Doctorate,17.35948886605764,Language,Rural,Homogeneous,Interactive,High,Abundant,9.265644034493787
6.9804460285836845,17.0,21.837339360994715,Masters,66.77584164414819,,Rural,Homogeneous,Interactive,Low,Adequate,2.1870471000853864
21.930608452780596,15.0,11.85247037759913,Bachelors,95.35533771538717,Science,Rural,High Needs,Project-Based,Medium,Limited,3.9902316292369595
11.372159425166137,31.0,,Professional,20.76620465826927,Science,,Diverse,Project-Based,Medium,Limited,7.877278917954644
8.593862152746336,17.0,33.69372209408955,Doctorate,84.61961552998257,Language,,Homogeneous,Traditional,High,Abundant,1.5060413665721182
23.841734921822592,12.0,19.701784982185682,Masters,25.148999953326967,Science,Urban,High Needs,Traditional,High,Adequate,5.1874767264752135
14.094964859192805,20.0,14.283607137238054,Professional,29.527630220222946,Language,Suburban,Homogeneous,,Low,Limited,4.511192636314034
21.03589891778803,18.0,,Doctorate,18.246311710911566,Social Studies,Rural,High Needs,,Low,Adequate,8.293565557476217
10.088301701929598,26.0,8.529372046949225,,52.25706436444264,Social Studies,Urban,Homogeneous,Project-Based,Low,Abundant,2.350508283828034
19.30792137230768,29.0,26.062409452089465,Masters,,Language,Rural,Diverse,Project-Based,Low,Adequate,9.935606676767275
9.224493905975514,25.0,20.932364295577802,Masters,61.32159001752395,Science,Suburban,,Traditional,High,Limited,9.15775168584711
21.765209976188295,22.0,16.22523050638138,Professional,,Social Studies,Urban,High Needs,Project-Based,Medium,Adequate,3.974696209446714
5.448254916374385,14.0,23.07608634123299,Bachelors,11.23627490356226,Math,Urban,Diverse,Interactive,,Adequate,4.474532674744937
18.287813825677127,,16.565436248510853,Doctorate,61.607303245547286,Language,Urban,High Needs,Project-Based,High,Abundant,2.5857020015435785
12.156168594338483,15.0,9.10110324183486,Doctorate,23.76736165464578,Math,Rural,Diverse,Technology-Based,Low,Adequate,7.031847328010891
7.07007703955899,12.0,8.738521706696341,Masters,81.43385073333175,Math,Urban,Homogeneous,Project-Based,High,,6.8677775740599465
7.161351314299152,27.0,18.401214529711993,Professional,50.736348824351396,Arts,Urban,Homogeneous,Technology-Based,High,Adequate,4.130535850911509
16.843209667230965,41.0,4.829788566912857,Professional,84.60020369988466,Science,Rural,Homogeneous,Technology-Based,High,Abundant,9.589587273830837
9.439745246410178,21.0,23.889488395838907,Masters,21.530957176794598,Science,Rural,High Needs,Project-Based,High,Abundant,7.8492429947549915
7.872681972246727,41.0,3.679996249588025,Masters,42.84323384569939,Social Studies,Urban,Homogeneous,Project-Based,Low,Adequate,8.754983445768442
10.183116651704395,25.0,10.308020687379607,Doctorate,4.027611571988288,Math,Suburban,Homogeneous,Project-Based,Low,Limited,3.8594488222746066
19.138235943977218,,20.495027060599455,Professional,7.6475592592723185,Language,Urban,Diverse,Interactive,High,Abundant,1.7239297888342475
21.393123144667925,13.0,1.2671782266441443,Professional,21.851118020488347,Arts,Rural,Diverse,Project-Based,Medium,Abundant,6.718525484438714
24.49424552164059,18.0,17.93845114803187,Professional,15.27167759098197,Math,Suburban,Homogeneous,Project-Based,Medium,Adequate,3.3959476436524048
14.562406965310517,12.0,27.170403718221255,Professional,90.84696418539035,Math,Rural,Diverse,Interactive,,Adequate,5.190307033135501
13.541614041766511,12.0,,Masters,77.96925096909654,Social Studies,Urban,Homogeneous,Interactive,Low,Adequate,8.493978239561383
16.41375061371535,32.0,29.91444462258754,Professional,38.1405383306893,Math,Urban,Diverse,Technology-Based,Low,Abundant,7.649614291001553
14.724125382489945,39.0,7.665937164410883,Professional,23.48653804086316,Science,Suburban,Homogeneous,Technology-Based,High,Abundant,6.03757472839588
13.328360170743052,16.0,31.43791113403109,Doctorate,63.714177543573506,Language,Urban,High Needs,Interactive,High,Abundant,9.022463840322931
22.847130569026938,38.0,13.788560038681862,Doctorate,78.99357426924223,Science,Rural,Homogeneous,Interactive,Low,Limited,3.964731510764148
10.31746554792817,16.0,5.885541355993224,Doctorate,83.97732672522531,Math,Suburban,Diverse,Traditional,High,Adequate,9.940363864976137
18.72158719107236,10.0,22.873227753951873,Masters,15.634867813195951,Math,Urban,Homogeneous,Interactive,High,Limited,1.5806731743943006
24.18223502393316,29.0,29.285474785417936,Professional,13.999199258441497,Science,Urban,High Needs,Technology-Based,Medium,Abundant,2.7849756179288994
17.085715102486194,11.0,16.15628496518889,Masters,12.10756219265292,Science,Suburban,Diverse,Interactive,High,Limited,6.291315932924818
7.402556619060094,21.0,7.802413845978009,Doctorate,19.903843711877766,Social Studies,Urban,High Needs,Project-Based,Low,Adequate,5.030155352494954
17.66450430031966,22.0,24.831199799671687,Professional,47.63858355558571,Language,Rural,Diverse,,Medium,Abundant,7.892858916321896
22.50675957419747,13.0,24.95850155628536,Bachelors,66.43771100742525,Science,Suburban,Homogeneous,Technology-Based,Medium,Limited,6.072033155297072
23.136497517036368,43.0,34.19029805924869,Professional,45.2346642909646,Math,Suburban,,Project-Based,Medium,Adequate,
15.933361613067214,20.0,33.27450701295707,Bachelors,47.669789889025125,Science,Urban,Homogeneous,Interactive,High,Adequate,5.369692409116196
,39.0,31.73896100871994,Bachelors,31.044949644565577,Arts,Suburban,Homogeneous,Technology-Based,Medium,Limited,5.320764183945196
8.587654650964588,44.0,10.272719513686749,Professional,89.78926091058885,Arts,Rural,Diverse,Technology-Based,Low,Adequate,1.1236815746869828
15.861071972296696,27.0,3.525725983723172,Professional,56.491145713274285,Arts,Suburban,High Needs,Technology-Based,High,Adequate,7.237166413093316
23.472299882128365,42.0,12.090000716863473,Bachelors,3.4708346800464085,Arts,Urban,Diverse,Traditional,Medium,Adequate,8.812447471085648
21.39485133437785,20.0,16.689791151720595,Professional,28.99902964134593,Math,Suburban,High Needs,Traditional,High,Abundant,8.769648986092543
14.060493620804834,20.0,3.7503120192196495,Masters,73.28479892252521,Arts,Suburban,High Needs,Technology-Based,High,,9.716928122156949
14.483203025184926,19.0,22.91364198527681,Masters,46.21695099456211,Social Studies,Rural,Homogeneous,Project-Based,Medium,Limited,6.0707795827814195
6.650278484593546,12.0,24.408359078526523,Professional,92.1281485957768,Social Studies,Suburban,,Traditional,Low,Adequate,1.2701122173296797
23.98075277207791,19.0,5.067481722205646,Masters,47.21987413142068,Social Studies,Urban,Homogeneous,Project-Based,Medium,Adequate,5.440759836660296
19.805590405847923,29.0,4.466008374323847,Professional,70.27469149185687,Arts,Rural,Diverse,Traditional,Medium,Adequate,9.178228692214265
12.255149792918195,44.0,34.9002139645421,Professional,63.06492759402785,Science,Suburban,Diverse,Project-Based,High,Limited,2.551295605612517
,44.0,9.77743441273926,Bachelors,4.9290495375685195,Arts,Urban,,Technology-Based,High,Adequate,8.050712562086423
11.325262098974754,22.0,21.848858883460213,Professional,35.41282043817916,Math,Urban,High Needs,Traditional,Low,Abundant,1.7206300989823222
23.589609390705053,13.0,25.47104185427516,Doctorate,50.02292854773249,Social Studies,Rural,Homogeneous,Technology-Based,Low,Adequate,8.427515570759754
12.261631464648753,31.0,28.887395823720407,Bachelors,60.93810407152211,Science,Rural,Homogeneous,Interactive,High,Abundant,6.991461838756974
18.24299413223382,33.0,22.88590940385877,Masters,44.010065356932905,Social Studies,Rural,Homogeneous,Interactive,,Limited,9.71331210203258
23.754278083101887,22.0,18.127384063664458,Professional,16.403157907080523,Science,Urban,High Needs,Traditional,High,Limited,6.790010316939847
,39.0,17.010589124317832,Professional,89.65201620481615,Math,Suburban,Homogeneous,Technology-Based,Low,Limited,1.9331644461413113
21.056554841162345,28.0,18.057565719800536,Professional,53.53866993106507,,Rural,High Needs,Project-Based,High,,9.385975133458125
16.117155656109922,34.0,21.667005869757407,Masters,11.416019598381544,Social Studies,Suburban,High Needs,Traditional,Low,Limited,4.123183976290821
11.122807317325938,17.0,18.023809725162394,Professional,1.2638965540799796,Science,Urban,Diverse,Interactive,Medium,Adequate,4.120302772833359
17.392214311023718,12.0,27.808609503735305,Professional,65.12853373876577,Arts,Rural,Diverse,Project-Based,Low,Abundant,7.116542962943971
17.582920886374175,16.0,6.217017465694172,Professional,46.29941240225709,Language,Rural,Homogeneous,Technology-Based,Medium,Adequate,8.241042696445144
21.21578397487671,33.0,6.486136752092942,Masters,6.128661288461201,Social Studies,Urban,Homogeneous,Traditional,Low,Limited,3.8608415723930847
7.189281104980168,43.0,20.24416126817954,Professional,6.770723974077553,Language,Urban,Homogeneous,Project-Based,Medium,Abundant,8.376603563664197
18.290095103507657,24.0,28.603390078655885,Doctorate,3.287328880846496,Science,Urban,Homogeneous,Project-Based,Low,Limited,7.634705556181089
10.864976132252604,42.0,32.14440457205298,Masters,14.132681166113404,Arts,Rural,Diverse,Technology-Based,High,Limited,5.265412009397733
6.229326448823165,37.0,28.490878758023435,Professional,69.64417086229898,Science,Rural,Diverse,Technology-Based,High,Abundant,9.086752412968846
9.372270582555837,32.0,28.832939453541073,Bachelors,37.52811488509881,Language,Suburban,Homogeneous,Project-Based,Low,,6.186790818148907
9.323174893531496,,10.562213054389613,Professional,82.60490942504853,Social Studies,,,Technology-Based,High,Abundant,8.390992738994253
24.51332971253068,11.0,,Masters,95.09191792383628,Math,Urban,Diverse,Interactive,Low,,5.287391689265224
15.872592128422959,39.0,25.238097179418965,,8.571147791445311,Language,Rural,Diverse,Technology-Based,Low,Adequate,6.2508802673864245
24.635930179853677,36.0,2.0954073312688966,Professional,61.21227863250587,Arts,Suburban,Homogeneous,Traditional,Medium,Limited,6.138854222144376
8.66341438539322,14.0,27.574281967225662,Professional,2.6415964162868177,Social Studies,Rural,Homogeneous,Technology-Based,Medium,Adequate,3.835731288847657
15.082027448439444,29.0,23.04057204278896,Professional,32.32337308143355,Science,Urban,Homogeneous,Traditional,Low,Abundant,6.954788605646293
18.547446953503023,23.0,8.790900129776603,Masters,27.37910192996429,Language,Urban,Homogeneous,Interactive,High,Limited,7.545474802676205
15.082858026962445,36.0,2.1026686270510915,Bachelors,98.53531032844658,Social Studies,Suburban,Homogeneous,Technology-Based,,Abundant,3.170921238189216
17.90766016174992,32.0,18.307256492107303,Professional,28.285528436495134,Science,Suburban,Diverse,Technology-Based,Medium,Abundant,8.579218768148145
9.79482749393608,10.0,32.791542953596704,Doctorate,73.02845668024837,Arts,Suburban,High Needs,Technology-Based,High,Adequate,9.365983645349914
6.605505138071656,14.0,19.95868342188209,Bachelors,2.5148567571891656,Math,Rural,High Needs,Project-Based,Medium,,5.503794871378443
13.226246070307464,15.0,17.59698344372523,Doctorate,93.42514498964188,Science,Rural,Homogeneous,Traditional,High,Limited,4.723479218754461
8.968612664100249,37.0,15.042152244738197,Masters,14.074979970174939,Math,Suburban,High Needs,Project-Based,Medium,Abundant,8.71017501787458
,25.0,27.26435495000931,Bachelors,9.46579898300044,Social Studies,Rural,High Needs,Interactive,Low,Abundant,3.148195121013043
14.833641730987122,18.0,20.939792194697485,Bachelors,94.26636153736733,Science,Suburban,High Needs,Interactive,Medium,Adequate,7.987299214716586
17.17693455853727,37.0,31.98254496547397,Bachelors,8.274149399007335,Science,Rural,Diverse,Traditional,High,Abundant,3.971218178759692
11.438854192005348,40.0,29.068766094024255,Bachelors,54.14343808253032,Language,Rural,Diverse,Project-Based,Medium,Abundant,4.33070513762235
5.819335897788602,43.0,26.520122669644426,Professional,67.95172732685607,Social Studies,Suburban,Diverse,Technology-Based,Low,Abundant,6.69483306479068
6.7491604568068535,12.0,,Bachelors,52.233209987435714,Math,Rural,Homogeneous,Interactive,Low,Adequate,4.5789722624316544
13.686559760194896,26.0,19.873338587054313,Doctorate,63.78030610502101,Arts,Rural,Homogeneous,Technology-Based,Low,Abundant,4.261918704354874
19.648122481136745,12.0,24.336370652006796,Doctorate,49.7624041285897,Arts,Rural,High Needs,Technology-Based,Low,Adequate,4.6407783421527515
13.186759117168123,39.0,2.3747855341538324,Professional,48.56197366988362,Math,Suburban,Homogeneous,Technology-Based,Medium,Limited,5.109716997683118
13.388978242625818,35.0,9.293828677510252,Professional,40.44578068586565,Social Studies,Suburban,,Interactive,High,Adequate,7.211438274517539
16.626352786451577,20.0,6.3863681296289165,Masters,53.83815242296313,Social Studies,Suburban,Homogeneous,Traditional,Low,Adequate,7.533364069905407
11.67569598578458,35.0,4.518136435283461,Professional,7.853234625252492,Math,Suburban,Homogeneous,Interactive,Low,Adequate,3.9967612128925434
20.061353061009626,37.0,28.63728728464874,Bachelors,37.617634758740984,Arts,Rural,High Needs,Project-Based,High,Limited,1.4830532531547238
23.80192155072017,26.0,16.898660978215027,Professional,44.90127052776944,Math,Urban,Diverse,Project-Based,Medium,Adequate,5.069067685293911
20.985697854831677,,34.807841434997165,,46.95738157811179,Math,Rural,Homogeneous,Technology-Based,Low,Adequate,2.66695659051617
22.735311374204993,25.0,6.057095836566698,Masters,45.66230858190403,Science,Urban,Diverse,Technology-Based,High,Adequate,4.827762132350598
18.336790346586074,18.0,18.500606365122053,Bachelors,62.44946435806582,Language,Urban,Diverse,Project-Based,High,Adequate,4.30461554137937
10.127597466973757,29.0,24.13004080842441,Professional,43.63900958857994,Science,Urban,High Needs,Technology-Based,Medium,Adequate,1.6895957272742592
5.375688527174589,24.0,2.50918885812941,Professional,71.25044342535747,Math,Rural,Homogeneous,Traditional,High,Limited,1.4166852813846396
20.005068263213566,30.0,4.076503535771878,Professional,97.69517457864387,Social Studies,,,Project-Based,Medium,Limited,7.593380106921178
22.507653418426358,19.0,10.058572200159073,Bachelors,58.940703267391704,Language,Suburban,Homogeneous,Technology-Based,High,Abundant,
5.317204118064582,21.0,31.253178211277902,Masters,,Science,Urban,Homogeneous,Interactive,High,Limited,
,26.0,9.807670991201915,Professional,67.49167357908293,Science,Suburban,Diverse,Project-Based,High,Limited,4.163303138509974
6.546997571855604,10.0,22.663466467368828,Professional,18.423071876959895,Language,,High Needs,Technology-Based,Low,Limited,6.83900512333493
17.591993765181336,38.0,13.084793016523264,Professional,16.569565834070165,Social Studies,Suburban,Homogeneous,Technology-Based,High,Abundant,8.06669560060785
22.108719162957637,23.0,31.161284252081217,Bachelors,59.21018994284023,Science,Rural,Homogeneous,Traditional,Medium,Limited,8.412148903101054
,31.0,13.773998893505306,Bachelors,18.231923323931376,Language,Urban,,Technology-Based,Medium,Abundant,2.255730690795455
10.191752778753479,40.0,21.853605674899274,Masters,8.011696602522346,Social Studies,Suburban,Homogeneous,Traditional,High,Abundant,4.941311500144007
19.950449472676652,22.0,4.558581559701016,Bachelors,98.41181183920239,Arts,Suburban,Diverse,Technology-Based,High,,5.5292315528292075
15.926483155369153,,14.330735676208084,Doctorate,52.93418272854166,Science,Rural,High Needs,Technology-Based,Medium,Adequate,3.618361446017404
12.611782110999544,37.0,10.999130053719064,Doctorate,51.21161690248718,Social Studies,Rural,Diverse,Traditional,High,Adequate,2.0958529203388285
21.376275444849593,44.0,20.707290665422573,Masters,77.53293628132089,Math,Urban,Homogeneous,Interactive,Low,Abundant,8.590306574910876
17.7836200038499,15.0,33.104186322173405,Masters,57.565145130070526,Language,Rural,Homogeneous,Interactive,Medium,Adequate,4.234488979798499
13.19100673949712,15.0,23.392399701380338,Doctorate,46.827627970689655,Arts,Urban,High Needs,Interactive,Medium,Abundant,3.759655081239078
19.725380669181902,20.0,31.770420258339644,Professional,45.755803811960845,Language,Suburban,Homogeneous,Interactive,High,Adequate,7.3050030764689975
18.961658022606517,42.0,3.373651493012312,Professional,96.24757316071737,Arts,Rural,Diverse,Technology-Based,Low,Adequate,2.1327880447790877
11.872776748991702,41.0,,Doctorate,3.6339846955347754,Science,Rural,High Needs,Project-Based,High,Abundant,5.671128284605138
24.06656647935767,12.0,23.442667487623474,Professional,26.482713809161005,Science,Suburban,,Traditional,Medium,Limited,8.75773583913788
13.726554391637556,31.0,10.183861299849154,Bachelors,65.11416427608808,Social Studies,Urban,Homogeneous,Technology-Based,Low,Limited,5.469920745283192
24.744828499429786,29.0,1.787071261980195,Professional,1.4027488598471693,Science,Urban,Homogeneous,Project-Based,Low,Abundant,9.51919484945287
24.250738598858202,36.0,15.521766264288864,Doctorate,67.07929839995585,Science,Suburban,Homogeneous,Interactive,Medium,Adequate,4.343454552006307
17.016244052884616,40.0,34.09496123145994,Professional,50.29294161122443,Arts,Rural,High Needs,Traditional,Low,Limited,9.662521895510812
15.391827951815342,,15.281847237073485,Masters,55.50279013963384,Arts,Urban,High Needs,Project-Based,Low,Limited,1.3753770168876711
23.390019929892215,10.0,27.15671769606692,Bachelors,64.18579464472202,Science,Rural,,Technology-Based,Low,Limited,8.510719423331427
12.7024963476475,29.0,4.874262147617389,Bachelors,44.45599412263761,Language,Suburban,High Needs,Traditional,High,Abundant,7.0081687902476215
5.993158438351445,30.0,5.397748188263887,Doctorate,32.10607777885699,Language,Suburban,High Needs,Traditional,High,Adequate,2.636701729943684
6.4241302494323875,29.0,1.1421122215940247,Professional,75.46524100428859,Science,Suburban,Diverse,Project-Based,Medium,Adequate,1.682345492234608
14.839309574748755,32.0,11.082279308448483,Bachelors,71.68026255438622,Social Studies,Suburban,Diverse,Traditional,Medium,Abundant,1.6129423353373802
9.656441140021002,44.0,5.225018942469843,Professional,27.14642668128452,Arts,Suburban,High Needs,Traditional,Medium,Adequate,7.112285644716063
10.134608124278284,,23.180551166633993,Doctorate,,Science,Suburban,High Needs,Traditional,Low,Adequate,4.381131971411222
,25.0,24.01984050098395,Masters,74.40811640851764,Science,Rural,Homogeneous,Technology-Based,Medium,Limited,9.381919147386073
17.564665242084878,13.0,17.362694057839157,Bachelors,60.65325507608455,Math,Suburban,Homogeneous,Project-Based,Low,Adequate,3.9684728115522128
20.902083294504866,,8.935453307947895,Bachelors,25.000594626834925,Language,Urban,Diverse,Traditional,Medium,Abundant,9.216978972429928
22.839551958501772,39.0,5.643829225438515,Masters,30.042599413714143,Math,Urban,Diverse,Project-Based,High,Abundant,9.563973875013568
13.214622654602351,41.0,11.788682374031278,Bachelors,4.1173223017769605,Math,Urban,Diverse,Traditional,Medium,,5.92797378582778
17.01009708482934,,4.562597877125945,Professional,20.84562880186479,Math,Rural,,Interactive,High,Abundant,4.883732659819514
21.867370133383652,16.0,33.07506576897668,Bachelors,31.182455064090142,Social Studies,Suburban,Diverse,Project-Based,,Abundant,4.719212087670092
20.87968172808282,34.0,18.20489425805086,Bachelors,79.47579963998274,Language,Urban,Homogeneous,Project-Based,Medium,Abundant,3.361725789239707
11.964205130312035,41.0,,Professional,38.77308563448534,Math,Suburban,High Needs,Technology-Based,High,Abundant,2.9566486260806206
24.973375855347758,26.0,18.224179474849624,Doctorate,95.90815365188479,Science,Suburban,Homogeneous,Project-Based,Low,Limited,2.2922117513317417
18.174521020597485,20.0,2.062557149089522,Professional,98.56659663128285,Social Studies,Urban,Homogeneous,Traditional,,Adequate,6.244685129201399
11.74666718531501,32.0,1.836534438687048,Professional,44.59765443614315,Math,Rural,Diverse,Interactive,Low,Abundant,9.27192257874103
24.546512237365782,11.0,26.814594527758107,Bachelors,54.950891135897415,Science,Urban,Homogeneous,Project-Based,Medium,Abundant,2.9964052273831645
24.92872882336466,19.0,2.446259990389236,Professional,20.68950459326149,Language,Suburban,Homogeneous,Traditional,High,Adequate,4.397622419128341
6.52441756894429,22.0,24.9009678708669,Doctorate,54.36194606364754,Arts,Rural,High Needs,Project-Based,High,Adequate,7.761768521352875
19.585652634688998,30.0,7.470991181891442,Masters,20.945867294622023,Social Studies,Urban,High Needs,Interactive,High,,2.1802345161282757
12.754265601773087,29.0,11.102530905597288,Professional,74.54462374742631,Science,Rural,Diverse,Project-Based,Low,Abundant,7.136325103199471
8.058717545169023,33.0,17.35383832415347,Masters,57.56528229565969,Language,Rural,Homogeneous,Interactive,Low,Limited,4.373813293826142
23.261773517733047,37.0,2.7353339700908856,Bachelors,80.33485200238275,Arts,Urban,Diverse,Project-Based,Low,Adequate,5.778613274792494
,18.0,32.833154125151225,Masters,97.99390714045985,Social Studies,Urban,High Needs,,Medium,Limited,3.3636062278837926
19.66831722266461,30.0,3.8296584753522565,Bachelors,17.302943496614475,Language,Suburban,High Needs,Traditional,Medium,Abundant,8.934165161689776
13.445049120838066,29.0,12.097655178166804,Bachelors,46.066337467971344,Science,Urban,Homogeneous,Interactive,High,Limited,4.75039693341347
20.441131385062796,33.0,16.019820880897,Bachelors,0.5216648384464229,Math,Urban,Homogeneous,Interactive,Medium,Abundant,9.242639332091494
20.428263573690224,15.0,27.789322729574987,Doctorate,6.483014017204636,Math,Suburban,Diverse,Project-Based,High,Abundant,3.1130652442836606
8.435420057929123,11.0,,Doctorate,94.92137709435123,Social Studies,Urban,High Needs,Technology-Based,Medium,Adequate,7.123689739976882
19.635874278646646,11.0,7.942951900136955,Professional,16.314311399109993,Arts,Rural,Diverse,Interactive,Medium,Adequate,1.988560319319725
15.20998847308256,43.0,13.413369751299655,Doctorate,49.891446242079354,Social Studies,Urban,,Interactive,Low,,2.3792223857972954
12.441689668626532,26.0,24.216653380815817,Doctorate,,Language,Rural,Diverse,Interactive,High,Adequate,
17.309275591024416,44.0,23.863292173136465,Bachelors,24.673234464163983,Science,Suburban,Diverse,Project-Based,High,Abundant,2.854524758765435
8.163542722727595,40.0,25.055337127193575,Bachelors,24.54183666619951,Social Studies,Rural,High Needs,Project-Based,Medium,Adequate,8.369719853799984
12.266755952091623,31.0,28.509362907696993,,73.64124044691964,,Urban,Diverse,Technology-Based,Low,Adequate,
16.087705538255886,42.0,16.109658566619558,Professional,3.5500751074130865,Arts,Rural,Diverse,Traditional,Low,Adequate,4.377450535474427
24.76955946592058,27.0,30.05666821347496,Masters,70.14553019505286,Arts,Rural,Homogeneous,,Low,Adequate,7.915742933090654
8.32630554180289,42.0,27.725814944517712,Doctorate,51.799054323827,Arts,Urban,,Traditional,High,Limited,9.9019196495341
23.531825008413723,30.0,24.19965554795789,Masters,80.0055087807827,Social Studies,,Homogeneous,Traditional,Medium,Adequate,2.8415752227898987
15.714629399064782,13.0,6.865425772206902,Doctorate,95.49393487803509,Social Studies,Suburban,Homogeneous,Technology-Based,High,Limited,4.338991187252216
15.728214528360642,33.0,1.4171066019479914,Masters,61.5612160831956,Social Studies,Urban,Diverse,Project-Based,Medium,Limited,5.448778747817669
19.104030526387668,27.0,20.22975755947183,Doctorate,32.87561241931785,Social Studies,Urban,Homogeneous,Project-Based,Low,Limited,7.337360438543914
6.1669177471213725,14.0,3.455784578092598,Bachelors,79.18644605847454,Social Studies,Rural,High Needs,Traditional,Low,Limited,8.894882920356775
6.334865683865765,42.0,22.986076751865877,Masters,11.817590749319606,Math,Suburban,Homogeneous,Project-Based,Low,Adequate,4.779928863281592
23.511939545705626,39.0,3.4572079749932136,Professional,21.55879584241496,Arts,Urban,Homogeneous,Project-Based,High,Adequate,6.973748644032652
9.015000749957647,34.0,16.877866492210835,Doctorate,51.31819663138331,Language,Rural,Homogeneous,Project-Based,Low,Limited,7.8649551329292535
11.181742502907957,28.0,24.95471003337075,Bachelors,32.83546463743649,Science,Suburban,Diverse,Project-Based,Low,Adequate,4.147041147170622
21.620920665304066,32.0,11.25446093299267,Doctorate,74.96003217306138,Language,Suburban,Diverse,Technology-Based,Low,Adequate,9.298769930067621
14.4898967111729,34.0,,,49.834294913014375,Science,Urban,High Needs,Traditional,Low,Abundant,5.357519046957871
16.714288499412355,26.0,12.932193404988851,Doctorate,84.46412886041891,Math,Urban,Homogeneous,Interactive,Low,Abundant,4.432330170852339
15.49860070393607,38.0,30.390443853044914,Bachelors,56.159759682740884,Math,Suburban,High Needs,,High,Adequate,4.767839801074295
13.456067187277618,10.0,13.379211059729784,Doctorate,60.18807449270264,Science,Rural,Diverse,Traditional,Low,Adequate,4.833098283391605
19.54823038020978,21.0,13.908749708499368,Masters,37.09374266404245,Math,Rural,Diverse,Project-Based,High,Adequate,3.72192151145283
14.5455907377671,20.0,7.8780727834992295,Doctorate,38.05719063599923,Science,Rural,Diverse,Technology-Based,High,Limited,6.841732147029942
12.282982369735414,10.0,14.93570493725729,Masters,,Social Studies,Suburban,High Needs,Technology-Based,Low,Adequate,9.33799086550133
9.292512558412284,42.0,30.95572529833978,Professional,55.78692843225734,Math,Rural,High Needs,Interactive,High,Limited,
5.8922979037614365,26.0,9.759254504484609,Masters,40.25328167377962,Social Studies,Urban,Homogeneous,Project-Based,Low,Adequate,6.384776223088664
24.67948728805784,36.0,10.253675865046675,Bachelors,2.435977006765788,Math,Urban,Diverse,Technology-Based,High,Limited,5.46431811341251
22.59272353473919,10.0,25.046770341242237,Masters,47.5115545133626,Science,Rural,High Needs,Traditional,Low,Limited,8.576052298442193
18.188548581878198,28.0,30.53763131016217,Doctorate,,Language,Urban,Homogeneous,Traditional,Medium,Abundant,3.0868122025627893
14.952513978372611,17.0,31.876778354232776,Bachelors,99.59007680773254,Arts,Suburban,Diverse,Project-Based,High,,5.357918590461385
24.414793935949643,,24.824461744367632,Bachelors,85.0396918658787,,Rural,Homogeneous,Technology-Based,High,Abundant,5.9562838958280775
8.707386220488015,43.0,25.278518308241917,Professional,82.47917637254257,Arts,Suburban,Diverse,,,Adequate,6.156538256442458
16.81556473382523,15.0,18.163308214826866,Doctorate,69.07761045834494,Science,Suburban,High Needs,Technology-Based,Medium,Abundant,
13.51972700311008,38.0,20.8167813354557,Masters,83.21012589412796,Language,Urban,High Needs,Project-Based,High,Adequate,9.380518721052566
14.480421275277477,41.0,31.043013792942098,Professional,22.555802569354768,Math,Urban,Diverse,Technology-Based,Medium,Limited,6.7338787216573746
7.399359515290276,10.0,14.67368141014318,Professional,68.78826478106345,Math,Rural,Homogeneous,Interactive,Medium,Abundant,8.05094438203075
18.340062089710734,43.0,14.096310907413443,Bachelors,94.86559477050592,Arts,Suburban,Diverse,Interactive,Low,Abundant,5.956987036747587
13.945459694794897,18.0,13.186884465692966,Bachelors,45.53069611087051,Math,Suburban,Homogeneous,Traditional,High,Abundant,
14.457443451590057,22.0,26.536892732050624,Masters,83.48700302713283,Language,,High Needs,Technology-Based,Medium,Adequate,9.504632774283701
8.55219724855521,,33.636161145166305,Bachelors,45.88281574354587,Language,Suburban,Homogeneous,Traditional,High,Limited,5.357445375689909
15.708945803674563,,11.649795651384366,Bachelors,12.031770877018122,Language,Suburban,Homogeneous,Technology-Based,Medium,Limited,8.929967463804994
,25.0,6.513072719480106,Masters,5.359161147055314,Language,Rural,High Needs,Traditional,High,Adequate,2.1649923529804007
11.13661573666108,30.0,,Doctorate,76.47745136232243,Science,Suburban,High Needs,,High,Adequate,6.952278821268441
18.841687095001333,,8.598235055647187,Bachelors,40.682873115867444,Social Studies,Urban,Diverse,Interactive,High,Adequate,7.2701461312348075
16.209669779872165,20.0,27.97108533804801,Professional,62.58478361712627,Arts,Urban,High Needs,Project-Based,Medium,Abundant,7.894672594384693
24.520031081244596,44.0,14.853211643578476,Bachelors,49.91657092292549,Science,,,Technology-Based,Medium,Adequate,8.72363727919142
15.409200855165917,18.0,32.056950615774724,Masters,85.18451811511724,Language,Suburban,Homogeneous,,Medium,Adequate,1.9274771589241024
20.26946354143136,41.0,28.69995053995791,Professional,49.56066683276266,Arts,Rural,Homogeneous,Technology-Based,High,Adequate,4.695457438273209
22.168360161414775,16.0,24.855281121302905,Doctorate,60.642032404210575,Language,Urban,High Needs,Interactive,Medium,Limited,3.7494602289704253
21.781694000870676,16.0,4.930121490095701,Professional,24.7006090069547,Social Studies,Rural,Homogeneous,Interactive,Low,Limited,5.387714587480894
21.281233135485074,38.0,,Doctorate,17.937713677779254,Social Studies,Rural,Diverse,,Medium,Limited,5.13790502625443
10.297371874961698,19.0,28.97535807874691,Doctorate,25.625971669146885,Science,Urban,High Needs,Interactive,High,Limited,2.271780649734163
16.99025873446319,41.0,13.802122703649303,Masters,16.342064079471786,Arts,Rural,Diverse,Traditional,Low,Adequate,1.4588448290747915
24.705671817733293,18.0,26.996346420480794,Doctorate,56.60500594918558,Social Studies,Urban,Diverse,Interactive,,Adequate,1.496205873663237
23.933286142631935,44.0,33.51464487684757,Bachelors,50.3893478855184,Science,Urban,Diverse,Interactive,High,Abundant,5.239040993477712
22.650955306100467,42.0,21.019311391073973,Bachelors,,Language,Rural,Homogeneous,Technology-Based,High,Limited,5.169662320684025
20.331808048982058,28.0,28.978017216757436,Professional,40.5864018829024,Social Studies,Urban,High Needs,Project-Based,Low,Adequate,8.619587250834535
6.771350558536849,43.0,,Masters,9.03068722426763,Social Studies,Rural,Diverse,Traditional,Low,,1.3000798500969855
13.532620875153656,33.0,13.32731778781539,Masters,5.483835344275045,Arts,Urban,Diverse,Technology-Based,Low,Adequate,5.074894887581172
11.0357888839939,11.0,9.140198593661882,Bachelors,75.66043583733023,Math,Rural,High Needs,Technology-Based,Low,Adequate,2.68191225204583
12.761754630499919,35.0,27.46021754996549,Bachelors,83.66063546015083,Math,Suburban,Homogeneous,Interactive,Medium,Adequate,4.503198805742187
16.66530051083621,15.0,10.999795486044396,Doctorate,82.60653574124622,Science,Urban,Diverse,Traditional,High,Limited,9.474057353745255
12.870560114116191,42.0,31.02172319089326,Professional,27.8769981096471,Science,Urban,Diverse,Technology-Based,Medium,Abundant,1.7416562363618686
13.506167060136487,10.0,8.99575376775575,Masters,27.902276963899563,Arts,Rural,,Project-Based,High,Adequate,1.5913131021751168
17.089656765560232,25.0,4.722690955270343,,54.45904641441539,Language,Rural,,Traditional,Medium,Limited,6.679276191485493
22.616074839155484,44.0,15.508204108437006,Bachelors,72.54057261677016,Science,Urban,Diverse,Project-Based,Medium,Adequate,3.020019520833101
8.104361957351355,33.0,17.199698543182148,Professional,24.415951558695227,Math,Urban,Homogeneous,Technology-Based,Medium,Limited,4.976623818173923
10.405448141288783,31.0,3.9239259835540423,Professional,68.47922598653537,Arts,Suburban,High Needs,Traditional,Low,Abundant,6.313483292678205
5.328691353759078,30.0,18.17947736982417,Masters,55.44542214515399,Social Studies,Suburban,High Needs,Project-Based,Medium,,5.741904448759365
22.83461404652201,21.0,11.071645478968076,Doctorate,16.252201861289794,Science,Urban,Homogeneous,Interactive,Medium,Abundant,2.553403141957177
5.908975106138183,25.0,26.771442372898235,Masters,,Science,Suburban,Diverse,Interactive,Low,Limited,5.415036334434371
21.613398757754933,39.0,23.271229957839086,Masters,31.94954584102476,Science,Urban,High Needs,Project-Based,Low,Limited,6.602503893465112
21.845880243087684,14.0,19.58381142512756,Doctorate,92.30065087056471,Science,Suburban,Diverse,Project-Based,Medium,Abundant,9.812950133896285
5.414224566854191,43.0,26.6002275965821,Masters,87.84451214370674,Science,Rural,Diverse,Project-Based,Low,Adequate,8.110605589562683
22.498424239835515,18.0,34.60066732771128,Professional,21.337016982407054,Math,Rural,Homogeneous,Traditional,High,,3.302210005967505
14.64569828520311,13.0,,Doctorate,83.34733398082511,Arts,Urban,Diverse,Interactive,High,Limited,6.747771954950517
24.24655453501633,35.0,21.495630024432046,Masters,40.980879333507524,Social Studies,Urban,Homogeneous,Traditional,,Adequate,7.446133826362704
,42.0,28.55573850443074,Doctorate,33.54688752896705,Math,Urban,High Needs,Traditional,Low,Limited,1.1676716768760622
20.8199438658827,19.0,14.411268235408102,Bachelors,,Math,Urban,Homogeneous,Interactive,Low,Adequate,7.529421151769282
16.85970476779515,17.0,9.700020403644427,Doctorate,71.40281161211183,Arts,Urban,Homogeneous,Interactive,Medium,Adequate,7.116500015798417
21.400415583964016,20.0,7.754028332980631,Bachelors,47.00049390167298,,Suburban,Homogeneous,Project-Based,Low,,3.555414083205779
20.2320085490174,17.0,16.90887982541334,Bachelors,98.45765076402853,Math,Suburban,Homogeneous,Traditional,High,Adequate,4.668995918812357
8.785573304611432,30.0,25.279802915689647,Professional,56.29577424932343,,Urban,High Needs,Interactive,High,Abundant,
16.25466375389634,20.0,10.835794543824012,Masters,39.13416211748836,Social Studies,Urban,Diverse,Interactive,Low,Limited,
12.859488557848442,27.0,26.443466943866493,Bachelors,35.338260229885776,Math,Rural,Diverse,Traditional,Medium,Limited,1.8466472026456808
5.17982172197053,28.0,25.107778125223255,,62.20936659939227,Arts,,Homogeneous,Technology-Based,Low,Limited,9.246919393575578
17.34317930377073,13.0,3.4249672189037677,Masters,18.423786372934448,Social Studies,Urban,Homogeneous,Technology-Based,High,Abundant,1.1020370965991004
9.335118373694662,38.0,24.600498261619226,Masters,55.00118205378395,Language,Rural,Homogeneous,Traditional,Low,Abundant,4.709766846755592
22.544819927327406,24.0,34.89320381198607,Doctorate,87.67936752037326,Science,Suburban,High Needs,Technology-Based,,Abundant,1.5061535652787108
18.697361383794707,34.0,22.85988274268082,Professional,76.59934614928528,Arts,Rural,Diverse,Traditional,Medium,Abundant,3.5544836962486364
7.744401350685866,32.0,26.608712457061,Professional,28.19205338633679,Social Studies,Urban,Diverse,Project-Based,High,Adequate,1.5322094851718902
6.186505637142927,25.0,4.183112580889957,Masters,65.43000808033457,Arts,Suburban,Diverse,Traditional,Medium,Limited,5.787277677210291
22.970416694815057,15.0,16.15975212262927,Professional,,Arts,Urban,,Traditional,Medium,Limited,9.103578551085405
24.223238784322653,30.0,,Bachelors,17.05313531993634,Math,Urban,High Needs,Project-Based,High,Abundant,3.571905661867069
21.89548123292781,33.0,19.23766500801841,Doctorate,8.094932157892021,Arts,Suburban,Homogeneous,Traditional,Medium,Abundant,9.714539605616434
10.208732511531656,26.0,23.399210887528326,Doctorate,,Social Studies,Urban,Homogeneous,Project-Based,Medium,Limited,4.9664975158714775
10.814496111116771,36.0,17.344933287218087,Masters,35.85095398480158,Social Studies,Suburban,Homogeneous,Project-Based,Medium,Abundant,8.671438266022033
12.177786051361778,35.0,30.386208881572163,Masters,80.62242660604258,Social Studies,Urban,Homogeneous,Project-Based,Low,Limited,6.897804980094707
9.983436893914192,25.0,18.374683081790455,Doctorate,68.23051860130768,Math,Urban,Homogeneous,Interactive,High,Abundant,2.8416978064048664
19.368699568497263,30.0,2.6562266455297534,Masters,46.349351066349975,Arts,Rural,Diverse,Traditional,Medium,Adequate,6.1914271452426295
15.101860394331961,27.0,19.32084866457891,Masters,18.977400034778725,Science,Rural,High Needs,Technology-Based,Medium,Abundant,8.187167257164166
15.273014916506568,38.0,4.079549129929765,Doctorate,61.78853592908572,Arts,Urban,Diverse,Traditional,High,Limited,3.07933752812788
14.92123172674,13.0,1.7800719341160258,Doctorate,61.83836291561543,Math,Rural,Homogeneous,Project-Based,Low,Limited,6.023224951050296
9.847813326478128,31.0,16.503744896604875,Masters,30.567870236373864,Math,Suburban,Diverse,Interactive,Low,Adequate,7.5284294971089265
21.18472865153685,16.0,8.71094879020252,Doctorate,95.11805755968123,Math,Rural,High Needs,Project-Based,High,Limited,2.4192150871031926
19.956765894753595,40.0,12.005139085437389,Bachelors,,Language,Suburban,Homogeneous,Technology-Based,Low,Limited,6.283931471293591
22.402784269803117,16.0,23.95257229379925,Masters,88.37344576718932,Arts,Rural,Homogeneous,Interactive,Medium,Adequate,6.644176742997961
12.819892318481976,24.0,31.11080467425735,Bachelors,19.450721993175023,Social Studies,Rural,Homogeneous,Interactive,High,Abundant,2.1475594365973496
7.029605320776991,29.0,5.785528572638304,Bachelors,45.29761364022994,Math,Rural,Diverse,Traditional,,Abundant,5.922838160053479
15.63553640671336,13.0,27.910295154212786,Masters,79.2320669462628,Science,,Homogeneous,Technology-Based,High,Adequate,5.1399789185108
21.999336910477826,14.0,7.418282729587348,Professional,26.546894821124557,,Suburban,High Needs,Technology-Based,Low,Adequate,6.12132838745446
19.423701685823584,44.0,29.45166516083092,Masters,7.870670425924164,Social Studies,Suburban,High Needs,Project-Based,,Limited,7.309336080854162
6.605294003390405,33.0,30.120359716013375,Professional,61.41525010233669,Social Studies,Urban,,Interactive,Medium,Abundant,6.818654838106718
7.3485496532363985,14.0,,Doctorate,30.451257886412474,Math,,High Needs,Interactive,Low,Limited,5.8552423937413565
,13.0,26.4140891914647,Bachelors,26.903551278680006,Language,Suburban,Homogeneous,Traditional,High,Adequate,5.797135280406485
8.59629998012615,14.0,16.257909531747067,Doctorate,40.103973828441376,Language,Suburban,Homogeneous,Interactive,Low,Abundant,8.10860124430637
,34.0,10.42465887344224,Professional,54.64966288851297,Math,Rural,Diverse,,Low,Limited,8.720541302939129
13.278927641575443,40.0,,Professional,90.36945509257535,Language,Suburban,Homogeneous,Interactive,Low,Adequate,6.400657609973082
18.366605494506807,12.0,25.45005111645857,Masters,33.51492976920408,Math,Suburban,Homogeneous,Traditional,Low,Abundant,3.7701180600028312
8.277006256785134,44.0,2.149796979960553,Bachelors,63.863383693366686,Math,Urban,High Needs,Technology-Based,Low,Abundant,1.0392089026807276
16.958039502566034,35.0,22.387113868914284,Professional,10.291256014617023,Arts,Urban,Diverse,Interactive,High,Abundant,6.345810581809279
9.89768149138076,24.0,12.887083870382817,Bachelors,,Math,Rural,Homogeneous,Traditional,Medium,Adequate,9.205840378645473
24.65238398948755,12.0,,Masters,66.54825385766813,Arts,Rural,High Needs,Traditional,High,Adequate,4.93026968766714
16.023546711097012,15.0,28.14823314746182,Bachelors,73.65890907254294,Math,Rural,Homogeneous,Interactive,Medium,Limited,6.286611485612692
11.659894895366902,32.0,19.43668512946371,Bachelors,52.045042443635715,Science,Suburban,High Needs,Interactive,Medium,Abundant,8.934099256631589
,25.0,24.18757088232245,Masters,1.8327542407036934,Math,Suburban,Diverse,Project-Based,Low,Adequate,
16.66661010503924,42.0,1.0784229583302682,Masters,,Math,Rural,Homogeneous,Project-Based,Low,Adequate,5.055093080701666
14.25104221496716,30.0,20.323268560636002,Bachelors,52.27464565454119,Social Studies,Urban,Diverse,Technology-Based,Low,Adequate,3.6706115657231457
23.17658868004686,13.0,19.040006424042016,,12.650714066894297,Math,Rural,High Needs,,Low,Adequate,1.809864785157442
23.42793601845314,12.0,25.281734710041633,Doctorate,71.34568628325378,Math,Suburban,Homogeneous,Project-Based,Low,Abundant,4.253899282183553
7.966326932354775,42.0,1.4294518469047193,Bachelors,86.73749946033166,Math,Suburban,Diverse,Traditional,Low,Abundant,8.85587627212027
8.168816618592958,39.0,31.284456845254628,Bachelors,81.45987382465249,Math,Suburban,Diverse,Interactive,High,Abundant,1.69187251159516
24.829109119521128,30.0,13.777428311674425,Professional,50.88809463493956,Arts,Suburban,Homogeneous,Project-Based,Medium,Limited,2.36381330910085
17.676820257033064,,28.927306945076715,,18.670960749085175,Social Studies,Rural,Homogeneous,Project-Based,Medium,Adequate,1.394753598723825
8.697360369375788,44.0,9.150426715149806,Doctorate,58.79398280529233,Arts,Rural,Homogeneous,Project-Based,Medium,Abundant,5.388032078139827
6.5864861724177715,33.0,32.26968417139228,Bachelors,99.39876215344624,Arts,Rural,Homogeneous,Traditional,Medium,Limited,6.928403133198361
20.045634377574807,15.0,1.0968094946301357,Professional,0.9129113634876784,Science,Urban,High Needs,Interactive,Low,Limited,9.3290744872832
23.122508251100736,15.0,34.595847012307736,Bachelors,0.3684295868078058,Science,Urban,Diverse,Interactive,Medium,Abundant,9.404280108808344
21.163594637932302,35.0,29.621943822635096,Masters,64.85624646656414,,Urban,Diverse,Technology-Based,Medium,Limited,9.862928610240742
10.350937311110107,20.0,11.009449055705161,Masters,76.14269489630988,Math,Urban,Homogeneous,Traditional,Low,Adequate,9.763773038707917
23.672649100631123,42.0,30.960078715913973,Doctorate,50.81529059467202,Social Studies,Urban,Diverse,Interactive,High,Limited,7.315137224423995
5.0394526175213255,41.0,10.799918162423237,Doctorate,68.06518848140041,Social Studies,Rural,Diverse,Traditional,Low,Limited,6.015300682217542
22.494573356225203,10.0,1.853119501086197,Professional,17.74877401167435,Math,Rural,High Needs,Traditional,Medium,Abundant,6.807886350939882
24.452845459348772,10.0,12.4994482381064,Professional,22.475781519524418,Science,Suburban,High Needs,Interactive,High,Adequate,1.3650398471679703
23.15520312424008,,6.3533225170479675,Bachelors,38.92583342831614,Science,Suburban,Homogeneous,Technology-Based,High,Adequate,4.469440662612204
7.239434598902594,,28.495700213630084,Doctorate,14.790965419776981,Language,Rural,Homogeneous,Technology-Based,High,Abundant,4.582767332205444
24.030463380061786,41.0,,Professional,85.85151578785141,,Urban,Diverse,,Medium,Abundant,
12.194921988819466,27.0,28.155257023183722,Doctorate,42.28048518024926,Language,Suburban,Homogeneous,Interactive,Low,Abundant,4.053224285135963
19.0291433121482,10.0,17.78511680417095,Professional,4.941641462564938,Social Studies,Rural,Diverse,Project-Based,High,Abundant,3.8617849822865673
8.534643172128533,10.0,23.072582442936746,Professional,96.63473569723064,Language,Urban,Homogeneous,Interactive,Low,Adequate,9.574786036882792
23.73627093393485,39.0,,Masters,48.43816690749422,Language,,Homogeneous,Project-Based,Medium,Abundant,3.352016188867952
12.339560497422237,25.0,29.847330855448305,Masters,46.6441277724424,Math,,Homogeneous,Traditional,High,Limited,4.900251785050645
20.531655607352743,29.0,1.793301901610024,Doctorate,76.21761596182174,Social Studies,Rural,High Needs,Technology-Based,Low,Adequate,
23.84426505977303,31.0,30.83140625478859,,73.01667058846722,Arts,Rural,High Needs,Technology-Based,High,Limited,4.645963371477076
23.602159125563404,34.0,1.1611727436991175,Bachelors,96.91257121792673,Math,Suburban,Diverse,Technology-Based,Medium,Adequate,3.6987916865941988
15.851168316853453,28.0,,Bachelors,61.653803875983456,Science,Rural,High Needs,,Low,Abundant,7.768878233467801
18.791341572976954,29.0,30.911432066576136,Bachelors,74.0298799646363,Social Studies,Rural,Diverse,Technology-Based,High,,6.726347001904643
14.480733422841844,23.0,24.73890673211629,Professional,87.70219676459719,Math,Rural,High Needs,Interactive,Medium,Adequate,8.19128418106082
17.544816971650263,18.0,15.810056141360748,Bachelors,72.12368996057081,Math,Suburban,Homogeneous,Project-Based,Low,Adequate,5.100393150454864
22.913464908097417,10.0,9.663868201871168,Doctorate,40.636226434819434,Science,Urban,Homogeneous,Traditional,High,Abundant,9.360064710703037
10.155840729062843,38.0,26.368200112019817,Masters,80.4031898353735,Language,Urban,High Needs,Traditional,High,Limited,2.654055996372689
16.116207095310628,19.0,9.933285890304012,Doctorate,44.0655995470748,Social Studies,,High Needs,Project-Based,High,Adequate,7.4983595916729175
15.811689236829753,13.0,25.104447387730602,Masters,99.97742558737212,Language,Urban,Diverse,Traditional,High,Limited,5.340420199784097
23.062475599232826,23.0,3.8716356517255597,Bachelors,28.831138368860632,Math,Urban,Homogeneous,Traditional,Medium,Abundant,2.0471513296167885
11.106492199436,13.0,29.449388388251066,Bachelors,5.445136133685768,Science,Rural,Homogeneous,Technology-Based,Low,Limited,6.080746890151863
8.108950360529498,26.0,14.397985013775887,Professional,15.787745449071044,Math,Rural,Diverse,Project-Based,Medium,Adequate,9.889606673175452
15.592818044034676,41.0,,,97.57020802503247,Math,Rural,High Needs,Technology-Based,Low,,7.6885805724474485
5.2766100702490615,44.0,33.00321241434703,Doctorate,53.17508955975192,Science,Rural,Diverse,Project-Based,Low,Abundant,1.3829104128511118
6.197731297120783,38.0,16.16292253590256,Doctorate,38.756220691169986,Social Studies,Suburban,High Needs,Traditional,High,Abundant,8.017854922026515
16.168713064515643,41.0,,Doctorate,86.66526549859826,Language,Suburban,High Needs,Interactive,Low,Adequate,1.4531795519419317
24.411310486894383,17.0,11.701762148581542,Bachelors,22.31382517737288,Arts,Urban,Diverse,Technology-Based,Low,Limited,5.539640589148798
14.464033444397701,20.0,22.409954969901335,Bachelors,4.8813671233417955,Math,Urban,Homogeneous,Project-Based,Low,Abundant,1.655676981651374
17.532998000197097,41.0,18.141987122302297,Masters,,Social Studies,Rural,High Needs,Traditional,Medium,Abundant,4.211092272121476
20.19660150027476,17.0,20.672394497955697,Bachelors,,Math,Rural,Diverse,Interactive,Medium,Abundant,8.19644927171215
18.912316258426948,34.0,11.893479253377283,Doctorate,7.330958863275471,Math,Suburban,High Needs,Project-Based,Medium,Limited,7.758758978719733
23.37822114023349,11.0,24.011408808509767,Bachelors,72.9566933246086,Math,Rural,Diverse,Project-Based,High,Limited,4.1883291078881095
9.758534305896397,38.0,2.226153852457453,Masters,25.750004109447122,Science,Suburban,Homogeneous,Technology-Based,,Adequate,3.674558533485402
7.0268190886084785,38.0,1.3538851532154945,Doctorate,27.040086478966817,Language,Suburban,High Needs,Interactive,High,Adequate,
6.436804977729551,43.0,1.9261878058497184,Professional,66.40888361456454,Language,Suburban,High Needs,Technology-Based,Medium,Adequate,8.63585029361246
22.70171976828064,,27.28101373271599,Masters,41.91700712727865,Social Studies,Rural,Homogeneous,Technology-Based,Low,Abundant,3.6910496862401385
15.47072187410202,23.0,11.988127755934684,Masters,18.07749977829761,Arts,Urban,High Needs,Project-Based,,Limited,2.4289122742726246
8.634124147447121,36.0,21.475535231845836,Bachelors,16.434055471469943,Social Studies,Suburban,Diverse,Technology-Based,Medium,Abundant,9.137704261072878
19.250334083457254,21.0,4.993449272226982,Bachelors,5.387554664392702,Language,Urban,Diverse,Project-Based,Low,Limited,4.3764911209840305
19.310827150178085,31.0,8.73971397924273,Bachelors,1.2901034079562668,Math,Urban,High Needs,Interactive,Low,Abundant,7.025091932024695
6.620916817388389,33.0,32.243583496913274,Bachelors,60.087089854289175,Social Studies,Suburban,Diverse,Interactive,High,Abundant,3.2609509847849383
14.666777779337675,28.0,23.0740057573463,Doctorate,92.09256652321706,Language,Rural,High Needs,Project-Based,Medium,Limited,2.702314880448604
20.670490955882332,35.0,18.585342619505543,Masters,92.63982113377031,Social Studies,Suburban,High Needs,Project-Based,Low,Abundant,6.902839233108931
18.635420003363315,30.0,7.492996119256431,Professional,9.643407740071918,Math,Suburban,Homogeneous,Project-Based,High,Adequate,4.370139978567115
12.681444838441804,25.0,12.061601898408043,Doctorate,59.14003117265718,Arts,Suburban,Homogeneous,Interactive,,Adequate,2.4637819729551365
17.4532181861428,19.0,1.1290344622249966,Bachelors,88.44097996964496,Language,Urban,High Needs,Project-Based,High,Adequate,1.997732307484588
20.42671514641133,44.0,27.86506405703497,Professional,68.2697967335374,Arts,Rural,Diverse,Technology-Based,High,Abundant,3.1676992681689318
17.77790287897272,31.0,6.55910221087476,,44.8461965154076,Social Studies,Urban,Diverse,Project-Based,High,Abundant,3.73041065090711
14.53232699058714,36.0,29.62045892110294,,7.824035392683848,Science,Urban,Diverse,Technology-Based,Medium,Adequate,5.192198544096424
12.19393538251648,27.0,27.095871017828152,Professional,43.11310550248524,Social Studies,Urban,High Needs,Interactive,Low,Adequate,8.607697859802599
20.90415974936898,21.0,15.944463095804725,Bachelors,41.41354016672582,Arts,Urban,Diverse,Project-Based,High,Abundant,6.5959366092304
11.265711517091795,32.0,30.368136829848844,Masters,62.66415204038318,Arts,Rural,Diverse,Interactive,Low,Abundant,1.9336685622704781
19.115237052667403,32.0,27.29330614760907,Bachelors,43.689836755539545,Language,Suburban,High Needs,Project-Based,High,Adequate,8.11072150817007
18.985945383855444,43.0,3.780113871216686,Masters,7.8435430969876485,Science,Rural,Diverse,Project-Based,High,Limited,1.1224556451696315
15.50475817814035,15.0,,Masters,86.33537308876181,,Suburban,Diverse,Interactive,Low,Abundant,3.709780583729587
20.215435245332188,30.0,24.258073458980498,Bachelors,87.34720157369117,Social Studies,Urban,Diverse,Interactive,Low,Adequate,5.760634168070267
21.65159097370888,34.0,19.054735714255663,Masters,64.35728078932166,Language,Suburban,High Needs,Technology-Based,High,Adequate,7.593643041598625
6.665486944231189,44.0,31.995253193397932,Doctorate,80.65965430098497,Math,Suburban,Homogeneous,Technology-Based,Medium,Adequate,1.9976285386875998
,26.0,20.196744896876837,Doctorate,97.73411029518174,Language,Rural,High Needs,Interactive,Low,Limited,2.0775290329217664
9.648573635449944,25.0,28.206104475218265,Bachelors,25.47183228202656,Language,Urban,Diverse,Technology-Based,High,Limited,9.538916447725628
20.906733384441736,11.0,17.039736060610224,Bachelors,72.75249007712266,Math,Rural,,Traditional,Medium,Limited,8.354805690569759
13.744679625876424,33.0,5.924126800919634,Professional,1.0025030596283235,Social Studies,,Homogeneous,Project-Based,High,Abundant,2.0256306354319116
22.49236111332935,27.0,9.944419887144786,Masters,49.86475762038987,Social Studies,Rural,Homogeneous,Technology-Based,High,Limited,6.704973682496978
17.8701789542233,18.0,28.365657501628004,Bachelors,14.341823763531691,Arts,Urban,Diverse,Technology-Based,Low,Limited,9.519107254186393
7.276872154237131,42.0,24.63599339265232,Bachelors,67.90208376000292,Social Studies,Suburban,Homogeneous,Traditional,Low,Abundant,7.814972036620464
10.008623105780485,14.0,32.47785745006246,Bachelors,45.091258854038806,Math,Urban,Homogeneous,Technology-Based,,Adequate,2.685729160201827
13.043168384295674,39.0,9.793452956398744,Doctorate,38.87711074635316,Language,Rural,High Needs,Technology-Based,High,Abundant,9.556334873440461
12.73821016755971,32.0,21.920806900120024,Masters,68.70728192166347,Math,Suburban,High Needs,Interactive,High,Limited,9.841482754119554
12.93597934822863,24.0,7.94112820050502,Professional,93.82633357076367,Language,Suburban,Homogeneous,Interactive,High,Limited,
23.06849073250476,18.0,26.560480241724715,Professional,23.19556739092905,Math,Urban,High Needs,Project-Based,Low,Abundant,
14.19695868871537,17.0,33.73566864163811,Doctorate,98.94443623992076,Social Studies,Suburban,Homogeneous,Technology-Based,High,Adequate,3.576405116481588
6.82398896767892,15.0,29.91041176605845,Doctorate,50.81049049791996,Math,Suburban,Homogeneous,Project-Based,Medium,Abundant,7.648981628630119
11.132146457793816,11.0,8.965489732911955,Professional,89.66640581571372,Math,Suburban,Diverse,Technology-Based,High,Abundant,3.797872801159981
13.82052117703952,39.0,10.420313658295878,Doctorate,76.30194831419553,Language,Urban,Diverse,Traditional,Medium,Abundant,1.4243193332004465
11.958019174918437,,21.006717204345918,Professional,23.340649328413154,Arts,Suburban,Diverse,Technology-Based,High,Adequate,7.373670338918323
9.77338462414227,18.0,26.861674087611974,Masters,86.93071133332599,Arts,Urban,,Project-Based,High,Adequate,5.0309928265073145
13.391463249642772,44.0,14.21789105394188,Bachelors,73.08197637678431,Arts,Urban,Diverse,Interactive,Medium,Limited,1.4846630403700942
22.81053690228092,43.0,27.067252821267683,Masters,10.74891313417351,Language,Rural,Homogeneous,Traditional,Medium,Abundant,1.991765468116311
13.359153291288928,31.0,23.09481372218044,Masters,83.44779822827883,Science,Suburban,High Needs,Interactive,Medium,Adequate,3.194806035017496
12.131603276876792,26.0,23.147690262203657,Bachelors,16.50275624676495,Language,Urban,Diverse,Traditional,Medium,Limited,2.6312035058295287
13.413278203732151,36.0,26.623582468879967,Professional,52.28675217062483,Math,Suburban,Homogeneous,Project-Based,Medium,Limited,8.559632205215065
18.42730192376535,22.0,28.451020947658833,Professional,,Arts,Urban,Homogeneous,Interactive,High,Limited,4.357602820458432
5.180003643184337,,,Professional,61.33254660196532,Language,Suburban,Homogeneous,Technology-Based,High,Abundant,1.7437492173613724
13.089580299584089,33.0,22.372525766939205,Doctorate,58.79812298196535,Science,Suburban,High Needs,Project-Based,Medium,Adequate,5.399944563332658
13.856772762482537,13.0,27.39397444622575,Professional,83.91394756382027,Science,Urban,,Interactive,High,Abundant,2.4862768439802343
19.110738360440962,31.0,23.33554801043224,Bachelors,31.927262270680334,Math,,Diverse,Interactive,Low,Abundant,2.216063211302616
24.168526024197384,14.0,27.076495737999217,Masters,11.576614104737558,Social Studies,Suburban,Diverse,Interactive,Low,,5.690108482825162
10.824447729212698,27.0,29.294695874759935,Bachelors,90.69280688166715,Science,Rural,Diverse,Project-Based,Medium,Limited,2.9810312183325376
,,23.681577234244205,Professional,53.33576972638656,Math,,Diverse,Project-Based,Medium,Abundant,3.097210504903627
20.979162735453144,39.0,1.8143531709984597,Professional,68.8528994809693,Arts,Rural,Homogeneous,Interactive,Low,Adequate,5.8871414916950675
14.128703732029532,41.0,2.5722504937699364,Masters,84.41693520509162,Arts,Rural,High Needs,Technology-Based,,Abundant,9.91742084831725
11.54456141794295,22.0,19.632392531187133,Doctorate,61.931828960762346,Social Studies,Urban,Homogeneous,Traditional,Medium,Abundant,9.866785076605028
13.48699990634948,25.0,22.479452762029226,Doctorate,37.610229593297504,Arts,Rural,High Needs,Technology-Based,Medium,Adequate,9.959321050372239
18.846076405611,36.0,27.47721070111747,,,Social Studies,Suburban,Diverse,Project-Based,Low,Adequate,1.5739943510326406
5.965155390126196,19.0,28.626623909056608,Bachelors,17.203877909673004,Arts,Suburban,High Needs,Traditional,High,Adequate,8.930254957088618
17.57926664358284,22.0,11.483749933148673,Bachelors,,Social Studies,,Diverse,Project-Based,Medium,Adequate,5.999489485002149
14.839835198266787,16.0,27.2398516570242,Bachelors,87.34768729600114,,Urban,Homogeneous,Traditional,Medium,Limited,9.066995400648317
16.99770001879825,39.0,28.54767336658417,Masters,62.308243215972425,Language,Rural,Homogeneous,Project-Based,Low,Adequate,8.960933743264562
16.143476820903352,30.0,32.089733627303495,Bachelors,18.31637312692228,Math,Rural,Homogeneous,Interactive,High,Adequate,6.961758730210609
7.950227856644028,16.0,11.052601417546333,Bachelors,,Math,Suburban,Homogeneous,Traditional,Medium,Limited,1.970007805214979
16.487655430691568,32.0,10.759839982898573,Bachelors,12.636686831528966,Arts,Urban,Homogeneous,Traditional,Low,Abundant,9.580180893734903
24.56523436659301,17.0,15.941445656140072,Masters,16.88087051199936,Science,Suburban,High Needs,Project-Based,Low,Limited,7.675611527046009
7.379982577729289,36.0,11.292124659174924,Bachelors,44.1943429739592,Arts,Rural,High Needs,Traditional,Medium,Adequate,6.38116971079189
19.71024953567749,25.0,26.433993253382855,Masters,56.176422849439966,Arts,Suburban,High Needs,Interactive,Low,Limited,6.32057448316645
21.677721527468346,,21.028365764509505,Doctorate,79.99796368990837,Arts,Suburban,High Needs,Project-Based,Low,Limited,7.579414491121997
10.138328553961674,25.0,18.618215553603015,Professional,74.4752892314108,Arts,Rural,Diverse,Traditional,Low,Abundant,6.427483180875222
9.545479022997167,21.0,16.050618909455192,Masters,,Social Studies,Urban,Homogeneous,Interactive,Low,Adequate,3.83338538131785
11.51259015709905,25.0,9.765138245712103,Bachelors,18.71361685940408,Science,Urban,High Needs,Technology-Based,,Abundant,6.551899714584467
24.50925707559931,42.0,14.055474082857064,Professional,67.08919453518438,Social Studies,Suburban,Diverse,Traditional,,Adequate,9.883504960683569
13.828573478596551,33.0,4.347162607327279,Professional,18.212494930056668,Science,Suburban,High Needs,Technology-Based,Medium,Abundant,6.233162701336073
20.859272146665806,,18.909672139239028,Professional,84.661929344752,Language,Suburban,Diverse,Project-Based,High,Limited,3.133680731413595
8.535397142768513,22.0,1.6814599108217831,Bachelors,63.640138599732275,Social Studies,Rural,Diverse,Technology-Based,Low,Limited,6.577354729771352
6.5890192843612745,17.0,19.545457599527822,Doctorate,42.281392577888674,Science,Suburban,Diverse,Traditional,Medium,,9.72280385220591
12.975221288855053,21.0,10.220177690584746,Doctorate,49.89170438528831,Language,Urban,Diverse,Project-Based,Medium,Adequate,8.638360187663682
16.666170818262167,31.0,8.267122804163773,Professional,10.59022970403497,Science,Rural,High Needs,Traditional,Low,Adequate,3.0222511898605497
,42.0,16.38508953862795,Professional,91.76488941901115,Social Studies,Suburban,Homogeneous,Traditional,Medium,Adequate,5.888576384539508
21.60658270825945,44.0,22.29566533842608,Doctorate,27.101479989721554,Language,Suburban,High Needs,Project-Based,Low,Limited,3.1596760545183904
8.035602126708884,26.0,21.37083230108563,Doctorate,1.1826436434947074,Social Studies,Suburban,Diverse,Technology-Based,,Limited,6.713124221641483
21.225757137337954,24.0,21.044846384767126,Doctorate,18.987096647274715,Language,Urban,High Needs,Project-Based,Medium,Limited,4.428593523119575
20.201151524361336,18.0,30.831639308146002,Doctorate,78.60082997244373,Math,Urban,Homogeneous,Technology-Based,Medium,Limited,3.67882110132457
6.025823405898539,43.0,31.13572419030966,Bachelors,10.602497800528777,Social Studies,Suburban,,Traditional,Low,Adequate,3.4717190100590294
23.775097608939365,34.0,30.916983392883928,Masters,83.01005630845872,Language,Urban,Homogeneous,Traditional,Medium,Abundant,3.8942217972788047
11.20047044982134,,,Professional,57.97549709937143,Social Studies,Urban,Diverse,Project-Based,Low,Adequate,8.33964028717797
24.461728940483844,10.0,10.7877556318774,Doctorate,90.7742912167631,Science,Urban,Homogeneous,Traditional,High,Limited,8.567078901228253
15.663299417063932,24.0,4.2503326103931345,Bachelors,7.108000505096202,Math,Suburban,Homogeneous,Traditional,High,Abundant,8.916231194305029
22.542427106080055,16.0,20.162603462314248,Doctorate,90.75497601001481,Math,Rural,Diverse,Technology-Based,Medium,Limited,1.838691252733259
,35.0,7.081850187961153,Professional,41.06217355758803,Arts,Suburban,Homogeneous,Traditional,Medium,Abundant,2.332584953289693
,38.0,12.387087713447785,,81.33870743789925,,Rural,Diverse,Technology-Based,Medium,Adequate,
11.486658204207362,,31.84363538814774,Masters,38.740995497946365,Arts,Suburban,Homogeneous,Technology-Based,Low,Abundant,5.635568663547535
17.54205131276235,19.0,9.123963429281117,Doctorate,9.85137375456202,Arts,Urban,High Needs,Project-Based,High,Abundant,
19.96978505631862,38.0,19.091884277023375,,88.35036649124598,Science,Urban,Diverse,Technology-Based,Medium,Adequate,7.876723821747634
10.43251484758195,28.0,27.8693103969729,Bachelors,1.9100895269006601,Science,,High Needs,Interactive,Low,Abundant,9.1502128042185
16.221335489562854,20.0,4.101935946510558,Professional,43.76393147037211,Social Studies,Suburban,Diverse,Technology-Based,High,Abundant,8.311118964956163
16.55786179009975,18.0,16.444253239005967,Doctorate,37.33183545038913,Social Studies,,Diverse,Project-Based,High,Abundant,4.6484185858828795
19.965539947319343,19.0,22.41826005275018,Doctorate,35.109261808223835,Math,Urban,Homogeneous,Project-Based,Low,Limited,5.111404014614138
16.34035044145258,15.0,19.535288214711457,Doctorate,45.664374719218536,Social Studies,Urban,Diverse,Interactive,High,Limited,1.3658561614114157
15.24146858755,28.0,16.8514858598176,Professional,4.920270315124132,Math,Rural,Diverse,Project-Based,Medium,Limited,1.910136685303443
15.191583926767091,24.0,34.27369354663077,Bachelors,71.4774264957534,Arts,Rural,,Project-Based,Low,Abundant,6.715747675267919
16.0288986154545,34.0,26.633089837054797,Bachelors,13.332338187117132,Language,Rural,High Needs,Traditional,Low,Abundant,2.214308964504505
14.606187752158748,10.0,7.825665185989085,Masters,29.34222212667006,,Suburban,High Needs,Traditional,High,Adequate,6.820265797341086
12.151860908087782,22.0,5.257952454813137,Bachelors,95.8177278131136,Social Studies,Urban,Diverse,Traditional,Low,Adequate,3.6277125198562112
11.862814563340585,28.0,6.326932956478428,Masters,,Math,Suburban,Diverse,Traditional,Low,Abundant,9.222459013182872
5.893740825615421,38.0,23.490529877880785,Doctorate,50.35325362823829,Math,Urban,High Needs,,Medium,Abundant,5.6510112955682485
18.396131631884657,27.0,28.023532680447584,Professional,40.298721783332866,Language,Urban,High Needs,Traditional,,Abundant,5.049921151722344
22.330237737708014,34.0,9.289279553974689,Professional,,Language,Rural,High Needs,Traditional,Low,Limited,2.7876936348776686
20.40177312426702,26.0,33.84724664716354,Bachelors,90.04590923019191,Arts,Urban,Diverse,Technology-Based,High,Abundant,
19.270678459400287,17.0,25.133997231006322,Masters,65.04615040088588,Arts,Rural,Diverse,Technology-Based,Low,Adequate,8.602473559146393
20.36469714855083,44.0,18.718485194672855,Bachelors,31.348220304688677,Science,Suburban,Diverse,Interactive,Medium,Limited,4.33692527860458
,32.0,16.21799331925382,Doctorate,77.96043769297391,Social Studies,Suburban,High Needs,Project-Based,Low,Adequate,6.164594740299266
13.958712203945225,25.0,21.99839568989324,Professional,58.86477150293238,Social Studies,Urban,High Needs,Traditional,,Abundant,5.515411544599784
18.836008277189933,43.0,30.013868824710805,Bachelors,12.132777239823733,Language,Rural,Homogeneous,Technology-Based,Low,Abundant,9.445785022292904
6.297100975276157,39.0,28.66531193816369,Professional,13.312869893512724,Math,,,Interactive,Medium,Abundant,9.147078324972407
16.325648320277345,42.0,2.798293986256751,Bachelors,26.44662232566083,Math,Suburban,High Needs,Project-Based,Medium,Limited,2.181274042325737
21.89821387341749,32.0,27.245050097340798,Doctorate,56.735534902729825,Science,Rural,Diverse,Project-Based,Medium,Limited,9.249672321713373
,28.0,8.66671690778163,Professional,3.077045963006153,,Suburban,High Needs,Technology-Based,High,Abundant,2.7784499342616766
23.283416535348678,18.0,32.99753804951406,Bachelors,85.74530766343548,Language,Urban,Diverse,Interactive,Medium,Adequate,9.272482881291799
23.82117692955878,19.0,17.676767573083257,Masters,18.475431191999235,Science,Suburban,Homogeneous,Project-Based,Medium,Limited,9.205551903699698
7.187085023975481,20.0,6.167908937063968,Bachelors,78.94519119507434,Science,Urban,High Needs,Technology-Based,High,Limited,2.5373013065061762
8.224009841796462,11.0,9.050146818772703,Masters,84.44542653821155,Math,Rural,Diverse,Technology-Based,High,Abundant,7.012167184740515
12.8438510795973,11.0,2.224828605140778,Professional,35.57051615572943,Math,Rural,High Needs,Traditional,Medium,Limited,3.5786699982578836
24.790656117996214,22.0,34.59212118780225,Professional,33.716654486805695,Science,Suburban,Diverse,Traditional,High,Limited,2.5295451178871975
9.090850645470104,26.0,15.480846695283377,Masters,14.174687648610828,Science,,Homogeneous,Project-Based,Medium,Abundant,7.146249771712069
14.744053263646848,38.0,10.299270889718292,Bachelors,60.699177509348225,,Urban,High Needs,Interactive,High,Limited,7.224586757230913
13.846155364161296,42.0,18.034159409821306,Professional,31.55260589899066,Language,Suburban,High Needs,,High,Limited,3.930151968473761
6.668072059513859,12.0,18.90599483401132,Bachelors,63.25716557407378,Arts,Rural,Homogeneous,,High,Adequate,6.447124197047599
23.72856369044898,27.0,5.970454600737777,Doctorate,,,Rural,,Interactive,High,Adequate,3.403262964280102
21.358393462129776,15.0,12.539888662105268,Masters,6.137123731455906,Science,Suburban,High Needs,Interactive,High,Abundant,7.218717075068939
8.971206794309612,33.0,34.20025881929986,Masters,48.5251328161999,Language,Suburban,High Needs,Interactive,High,Abundant,7.8809448309972145
11.554193155434564,,25.14852867189448,Professional,30.94895841271853,Language,Rural,Homogeneous,Traditional,High,,4.542654478536345
17.0457358658171,,17.365729987167278,,86.65712957617124,Science,Suburban,Diverse,Interactive,High,Abundant,3.4826904039089097
14.79350663114722,15.0,34.60575282737356,Professional,26.399751016661067,Social Studies,Rural,Homogeneous,Traditional,High,Adequate,2.34944924965445
7.66040973233173,28.0,9.83639096318065,Professional,99.50123600856541,Language,Rural,High Needs,Interactive,High,Limited,9.795825103318661
14.935543789846019,28.0,34.712657340983505,Bachelors,98.9089791391151,Social Studies,Urban,Diverse,Traditional,Low,Limited,7.251500675729201
11.974371213147013,43.0,11.501389185891567,Professional,5.531928646798745,Arts,Suburban,High Needs,Technology-Based,Low,Limited,3.5841895655566995
17.056217423692125,26.0,26.250844872221002,Professional,52.232492610811356,Language,Rural,Diverse,Technology-Based,Low,Adequate,2.9835905308405106
8.56963440714676,42.0,14.461439089884074,Masters,57.06322821076591,Arts,Suburban,Diverse,Technology-Based,Medium,Limited,7.939762695185882
19.67509052594562,44.0,29.318061581663276,Bachelors,,Math,Urban,Homogeneous,Project-Based,High,Adequate,7.418918071542117
21.024363993898604,28.0,25.397858553794705,Bachelors,69.09416810199724,Arts,Rural,Homogeneous,Technology-Based,High,Abundant,4.037954365994959
23.84868875539632,24.0,23.97901583176327,Masters,24.29561808966463,Science,Suburban,Diverse,Traditional,High,Adequate,7.916183279362231
8.916793044749731,17.0,33.53740934627824,Professional,56.0495121034853,Language,Urban,High Needs,Interactive,High,Abundant,5.982064567918399
24.44735124682705,31.0,5.557807939921359,Bachelors,,Science,Urban,Diverse,Traditional,High,Adequate,7.061784249433631
16.80320407272968,28.0,4.050667433530982,Professional,93.2959834098474,Arts,Urban,High Needs,Project-Based,Medium,Abundant,1.0413155745238294
17.111816779313095,12.0,,Professional,80.5851688044262,Arts,Rural,Homogeneous,Project-Based,High,Abundant,1.9405534287599846
21.602617604670478,31.0,29.643873935687164,Masters,46.48704677630651,Math,Suburban,Diverse,,High,Limited,9.039136559906698
17.686057104961563,28.0,,Bachelors,49.48599073160839,Math,Suburban,Homogeneous,Project-Based,High,Limited,3.01838856076173
18.699522430846272,44.0,6.255719983676615,Bachelors,59.47060924539149,Math,Urban,Diverse,Project-Based,Medium,Limited,
14.173628965926694,20.0,15.562984561921061,Doctorate,17.04489127268841,,Urban,High Needs,Traditional,High,Limited,2.4690215313897115
19.41117723407771,16.0,13.085229822837798,Doctorate,57.7149844314783,Social Studies,Suburban,Diverse,Technology-Based,Low,Abundant,8.942636182266323
5.328912912438066,14.0,23.83827735328959,Doctorate,17.6418413865137,Arts,Urban,Homogeneous,Traditional,Medium,Abundant,9.259155822609904
8.381974377147838,19.0,24.484726399094374,Bachelors,16.794203792949336,Social Studies,Urban,Homogeneous,Technology-Based,Low,Adequate,4.60625844143426
24.181215495958842,17.0,20.69250009242478,Professional,58.89784929818583,Social Studies,Suburban,Homogeneous,Project-Based,Low,Limited,7.113705112207525
14.677974887264988,12.0,3.101923264689187,Bachelors,33.67127781044764,Science,Rural,Diverse,Project-Based,High,Limited,8.354164983234224
19.394822831715267,43.0,19.897227015062157,Bachelors,61.30976846054183,Language,Suburban,Diverse,Traditional,Medium,Limited,9.88592049710174
12.251166862168608,20.0,7.540898674205583,Masters,90.11157623227366,Language,Suburban,Homogeneous,Project-Based,Low,Limited,7.668090920417899
13.911504453668503,11.0,13.326991804266532,,3.4655190490202714,Language,Urban,,Interactive,High,Abundant,9.49587123952886
8.493715680217324,14.0,3.4844109299390347,Professional,73.94254583367554,Arts,Urban,Homogeneous,Project-Based,Low,Adequate,6.85624708860578
18.474584282912797,11.0,20.687952246135524,,54.97567588195231,Arts,Urban,High Needs,Technology-Based,High,Adequate,1.2940937440848823
18.207033303741653,20.0,32.007926413772104,Professional,93.59604667498573,Science,Rural,Homogeneous,Technology-Based,Medium,Adequate,6.814044676327903
22.08422653617243,18.0,,Doctorate,37.01188258662198,Language,Rural,Diverse,Project-Based,High,Abundant,6.0134403956357625
16.463613919469147,36.0,17.592530782610943,Professional,70.24433842963397,Science,Urban,Homogeneous,Project-Based,High,Limited,
11.98806042609296,24.0,17.281641232056945,Masters,70.77711619901564,Arts,Urban,High Needs,Interactive,Low,Limited,1.3908468362111197
14.324551569757919,33.0,20.79914967759796,Bachelors,13.385887187148548,Arts,Suburban,Diverse,Project-Based,Medium,Limited,3.258072625686559
7.31743409241282,21.0,2.7891528638753456,Bachelors,69.92564303647836,Language,,Diverse,Traditional,Low,Abundant,4.5276848389047135
17.611459086599346,37.0,18.013522429396613,Masters,35.98776358162916,Math,Urban,Homogeneous,Traditional,High,Abundant,9.394746408241748
16.35159138095263,10.0,21.96336141259978,Bachelors,89.43144569051526,Science,Rural,High Needs,Interactive,Low,Adequate,5.527912949983321
5.139721447401804,12.0,2.9106343619618453,Doctorate,97.53808290011608,Arts,Urban,,Project-Based,High,Adequate,2.3337643628359475
16.84909136382192,11.0,34.66325876423299,Professional,,Science,Urban,High Needs,Interactive,Medium,Adequate,6.86855593748943
17.285016151434327,19.0,14.372395321745831,Bachelors,89.89155649633706,Math,Suburban,High Needs,Technology-Based,High,Abundant,2.80265595987567
21.516502868825807,14.0,18.609581994724195,Doctorate,14.927057909842134,Math,Urban,Homogeneous,Project-Based,High,,8.84117397636072
24.3554111183161,37.0,15.944328749817464,Doctorate,,Arts,Rural,High Needs,Technology-Based,Medium,Adequate,7.535520452736482
21.521006456712286,13.0,14.884599802711634,Masters,29.026767322442858,Science,Urban,High Needs,,Low,Abundant,2.951806490954462
19.96792131460934,40.0,9.617617550078819,Professional,17.550003158258964,Arts,Rural,Homogeneous,Project-Based,High,Limited,6.882210572797014
8.16376844122431,39.0,29.270188446541756,Masters,80.85920880930362,Math,Suburban,Diverse,Interactive,High,Limited,8.700924474701054
11.321045639093914,28.0,13.68134323827165,Professional,8.0570550663289,Science,Suburban,High Needs,Interactive,Medium,Adequate,7.024161876952231
21.209273367294255,12.0,,Masters,54.65385302058512,Arts,Urban,Diverse,Traditional,Low,Adequate,4.296945227356598
10.279684280349258,23.0,29.09386642919738,Doctorate,78.76412466200557,Language,Suburban,High Needs,Technology-Based,Medium,Limited,9.618398101138187
10.118307698741116,28.0,28.013895534313654,Professional,55.44802484403546,Science,Urban,Homogeneous,Technology-Based,High,Adequate,1.063816956283078
23.764910512887468,20.0,12.97468029780677,Professional,5.054558284337817,Math,Suburban,Diverse,Traditional,Low,Adequate,1.6763595197517143
,31.0,25.686556187280587,Doctorate,28.50957236548991,Social Studies,Rural,Homogeneous,Technology-Based,Medium,Abundant,3.6601777110519365
5.3623702134032225,22.0,31.303457031427037,Masters,,Arts,Urban,Diverse,Project-Based,High,Limited,4.189081050607279
17.996953381545175,29.0,28.66898495252778,Bachelors,12.056766303347189,Language,Rural,,Traditional,Medium,Limited,6.709222010299816
24.07513376016349,38.0,,Doctorate,29.88698554297239,,Rural,Diverse,Technology-Based,Medium,Adequate,4.375548566167365
11.048529807355301,29.0,6.9040041414140045,Masters,70.0546388159266,Science,Suburban,Homogeneous,Interactive,High,Abundant,7.718359094251551
13.186191474290915,30.0,26.498082877891584,Bachelors,87.51041814918078,Math,,Homogeneous,Traditional,Medium,Abundant,3.3348348123291482
8.724906545154152,20.0,1.2872268034631513,Masters,38.354294754082375,Math,Urban,Diverse,Traditional,Medium,,2.33660230598558
5.444197450704332,26.0,24.81395614177943,Professional,20.90041349227677,Social Studies,Suburban,Diverse,Project-Based,Medium,Adequate,6.594805134084992
14.91555853572303,44.0,10.253364958675396,Professional,95.30584468947812,Math,Suburban,,Interactive,High,Adequate,2.882899364012369
8.178164411110753,21.0,34.69682841051048,Masters,39.63808554165505,Arts,Urban,Diverse,Project-Based,High,Limited,
14.73805169899125,13.0,10.530707473317003,Professional,,Social Studies,Suburban,Diverse,Interactive,High,Adequate,1.8891376547993008
12.64712652133541,25.0,13.306763406237227,Doctorate,0.5222651560207736,Social Studies,,Homogeneous,Traditional,High,Adequate,8.990667493943349
14.088166036194721,39.0,6.90010704809111,Masters,36.72963503444369,Math,Urban,High Needs,Project-Based,Low,Limited,2.230058197098496
20.424956584387758,23.0,,Professional,33.39485779631364,Language,Rural,Diverse,Project-Based,Medium,Abundant,8.303602408240032
10.641538034287487,34.0,,Masters,90.65958302697868,Math,Suburban,High Needs,Interactive,High,Limited,2.4678929277049546
21.231275463747874,40.0,10.50132664371342,Bachelors,74.416790981005,Language,Rural,High Needs,Traditional,Medium,Limited,5.273635797737602
9.082063483087818,25.0,1.3124282880313973,Masters,24.29698898006356,Social Studies,Suburban,Diverse,Interactive,Medium,Adequate,5.1688179165633095
22.1766664614977,,6.677254633061459,Bachelors,83.65549898117273,Social Studies,Urban,Homogeneous,Project-Based,Low,Abundant,6.14548769508
24.071685558898,36.0,12.800778019212645,Professional,26.377928322110712,Social Studies,Urban,Homogeneous,Interactive,High,Adequate,1.7887348716964246
17.223434954213083,35.0,,Bachelors,22.006445743539217,Science,Urban,High Needs,Project-Based,Low,Adequate,6.124074021080547
14.30977870759724,13.0,19.098190465073337,Doctorate,22.189418256903526,Arts,Rural,High Needs,Traditional,Low,Adequate,1.3589364647803892
5.162859396116963,36.0,32.27667112063827,Bachelors,97.72700640053583,Language,Rural,Homogeneous,Project-Based,Medium,Limited,9.826931928924168
,13.0,23.784858923935843,Masters,40.5119045444006,Science,Suburban,High Needs,Project-Based,Low,Limited,7.622091779351269
16.60649430847881,25.0,1.6675271017302846,Professional,8.866062595475388,Language,Urban,Diverse,Traditional,High,Limited,7.794517518514695
15.277177369344543,34.0,20.42542135890981,Masters,49.78630341760315,Arts,Urban,Homogeneous,Project-Based,Medium,Limited,3.108470625900283
7.725516434293532,15.0,26.618047904065065,Bachelors,36.71917293007828,Math,Suburban,Diverse,Project-Based,High,Abundant,7.678293730950075
7.10420624931785,33.0,26.01762948593438,Masters,77.80773304893638,Science,Urban,Diverse,Project-Based,High,Limited,1.7212494655012165
23.799931344477837,27.0,2.9829096522634773,Bachelors,78.29054878310616,Science,Rural,Homogeneous,Technology-Based,Low,Adequate,3.3149857772524265
18.86323116186254,18.0,18.509408433428458,Bachelors,68.93787975066583,,Urban,Homogeneous,Technology-Based,High,Limited,1.3872294150511495
9.38437291768183,11.0,2.88061651137299,Professional,4.046792688643652,Language,Rural,Diverse,Project-Based,Medium,Adequate,3.8434191536329942
16.56880655606284,41.0,,Professional,88.91623990308088,Language,Rural,High Needs,Interactive,Low,,1.9805242887176457
18.876435780146274,37.0,19.567704134497653,Professional,84.77958634425532,Arts,Suburban,Diverse,Traditional,Medium,Abundant,
19.27222299343509,16.0,18.99689190945295,Doctorate,66.84714768753761,Arts,Urban,Diverse,Interactive,,Adequate,5.419004663338212
5.35345392255965,40.0,25.899617539150974,Bachelors,23.54277362720596,Math,Suburban,High Needs,Project-Based,High,Adequate,3.047696349684114
24.07662750800526,16.0,32.770063979569926,Professional,77.84422531996674,Science,Urban,Diverse,Traditional,Low,Limited,2.1941921768928925
14.592305346238572,33.0,3.537165440826843,Professional,45.09498692841129,Language,Suburban,High Needs,Project-Based,Low,Adequate,1.8810670433672652
19.849624512246233,26.0,8.241173476764054,Bachelors,88.7093499486416,Language,Rural,High Needs,Traditional,High,Adequate,3.7093185732685314
19.04007268190211,12.0,20.93778965891979,Masters,19.151422236729175,Arts,Suburban,,Interactive,Low,,1.478801095966276
24.002580931118306,21.0,1.8340120069563193,Masters,47.34846529399016,Language,Rural,Homogeneous,Technology-Based,Low,,4.4953041281764685
11.140728171442348,28.0,5.607966003053866,Professional,17.707847914399423,Arts,Rural,High Needs,Project-Based,Medium,Adequate,4.905755211150212
18.34028240549609,16.0,8.482432662782589,Masters,70.56595239798261,Science,Rural,High Needs,Interactive,Medium,Adequate,3.332100311693741
5.82136923711669,23.0,6.526464732783723,Bachelors,89.9524248623522,Arts,Urban,Homogeneous,Traditional,Medium,Abundant,4.629474741206447
5.889118929915879,29.0,27.526075625724605,Masters,59.49714265260786,Social Studies,Urban,Diverse,Technology-Based,Medium,Adequate,1.7411880613455826
18.85213814068982,41.0,5.20999220078251,Bachelors,95.4673030240893,Arts,Suburban,High Needs,Project-Based,Medium,Adequate,2.0799588168867973
11.868276833337712,42.0,24.647559783560098,Professional,81.71678285160581,Science,Rural,High Needs,Project-Based,Medium,Adequate,6.865098680935585
9.391316112747969,21.0,23.97278633703669,Doctorate,43.76118942066568,Science,,,Technology-Based,High,Limited,2.529287109726827
15.181242477710553,13.0,27.707497784719145,,99.94709216062448,Social Studies,Urban,Homogeneous,Traditional,High,Limited,2.763538026886896
16.784112256086544,34.0,14.512958716205489,Professional,71.66574859709237,Social Studies,Rural,High Needs,Traditional,High,Abundant,7.794584579160712
5.377813452782885,36.0,29.18685949755125,Professional,,Social Studies,Suburban,High Needs,Traditional,High,Limited,3.919584568638102
24.904590993385796,30.0,8.39681412958073,Professional,,Science,Urban,High Needs,Project-Based,Low,Adequate,5.418506903937763
13.388419242180724,26.0,13.41201197546237,Doctorate,42.6548185736976,Social Studies,Urban,High Needs,Interactive,High,Adequate,9.726905307186978
9.497654814782612,22.0,31.114988950920555,Bachelors,53.04684276236487,Language,Suburban,Homogeneous,Technology-Based,High,Limited,5.529837547114091
6.670548389516742,31.0,22.995891600320974,Bachelors,,Math,Rural,High Needs,Traditional,Low,Adequate,4.541083750479482
9.178299188738688,38.0,15.59477102149235,Bachelors,30.694914196235523,Math,Urban,Homogeneous,Interactive,High,Limited,4.777770403148327
19.86666997430313,29.0,15.769717205072821,Doctorate,,Social Studies,Suburban,Diverse,Traditional,Low,Abundant,6.07043941864083
24.42431877234507,25.0,4.7720610062403255,Professional,29.604638828673135,Arts,Urban,Diverse,Interactive,Medium,Limited,
9.182111626926016,31.0,3.444656556192121,Doctorate,11.507761927637938,Arts,Rural,High Needs,Interactive,,Abundant,6.945591138763401
24.668520927154635,34.0,8.766218571453237,,83.26651347358725,Language,Suburban,Homogeneous,,Medium,Abundant,6.901689972463978
11.090362322218967,44.0,15.03137609623112,Professional,8.565926086863751,Math,Suburban,Diverse,Technology-Based,Low,Abundant,3.9448893421776403
16.63724261604284,26.0,7.264772554752808,Doctorate,70.71917384859664,Science,Rural,High Needs,Interactive,High,Adequate,9.841031755423199
23.974061047726252,18.0,2.586112679176189,Professional,47.90260504132811,Math,Rural,High Needs,Traditional,Low,Adequate,3.8635873773823137
12.536116647075419,35.0,20.48793673860455,Doctorate,20.440228646467418,Social Studies,Rural,Diverse,Interactive,Medium,Abundant,5.044875303081642
9.804664067954356,20.0,30.089075065616385,Bachelors,35.28326957866773,Social Studies,Suburban,Homogeneous,Interactive,Low,Abundant,1.4761221380343732
11.344060520848302,29.0,19.02955662732458,Doctorate,38.98238109257905,Math,Rural,High Needs,Technology-Based,Medium,Limited,9.847098879315084
23.26096939947438,36.0,20.849737702110712,Masters,74.37608961709408,Language,Rural,,Interactive,Low,Adequate,6.505637505251448
24.179471724656494,22.0,26.29972339387566,Doctorate,33.38900837405504,Social Studies,Suburban,High Needs,,Low,Abundant,4.477321477006877
11.141124059665549,41.0,10.006557020746838,Professional,8.402855125155806,Language,Rural,Homogeneous,Traditional,High,Abundant,8.371209178583566
20.935007057113467,34.0,19.683505416252885,Doctorate,30.27541562917425,Arts,Suburban,High Needs,Technology-Based,High,Limited,1.4809238904962043
15.673912214219111,24.0,8.752398837764728,Professional,16.91214188830544,Social Studies,Rural,Diverse,Project-Based,High,Abundant,8.497349100372872
7.167979257026193,39.0,32.42041862259093,Masters,72.40910986850938,Social Studies,Urban,Diverse,,Medium,Limited,3.0212932243637836
22.741822702158817,12.0,18.33284201042831,Professional,42.38821363154518,Language,Rural,Homogeneous,Project-Based,Medium,Abundant,
12.031832917497816,18.0,2.4556740491157143,Professional,21.665633290736753,Arts,Suburban,Homogeneous,Project-Based,High,Limited,4.774637227555307
17.88909809074631,41.0,12.361555829393183,Bachelors,79.17659242561464,Math,Rural,High Needs,Traditional,High,Limited,8.25923271502036
22.732150910425432,40.0,16.21262370028119,Masters,,Social Studies,Urban,Diverse,Technology-Based,Low,Abundant,1.7218439866498718
24.13531929752188,42.0,10.81060290509094,Doctorate,85.58059294510937,Language,Suburban,Diverse,Interactive,High,Limited,3.8197163136481764
20.801020680058286,30.0,20.31455152805786,Bachelors,20.344655715097083,Social Studies,Suburban,Homogeneous,Traditional,High,Adequate,5.472257200922862
21.559457884616037,24.0,6.037382692800687,Masters,47.28531974191434,Math,Urban,High Needs,Project-Based,High,Abundant,5.207297862972756
8.427393610888931,17.0,3.6735001729712344,Bachelors,16.624231953508716,Science,Rural,Diverse,Project-Based,Medium,Limited,4.11404393293546
13.368307680733553,29.0,5.343957827034428,Doctorate,18.947694872219135,Social Studies,Rural,High Needs,Technology-Based,Low,Abundant,3.7899958558082756
,15.0,24.828443941757484,Masters,74.88740456511668,Arts,Urban,Diverse,Traditional,,Abundant,4.209431051797688
17.134341713466632,39.0,32.16442767441298,,48.75777986506493,Math,Suburban,Homogeneous,Interactive,Low,Limited,2.1632717879520813
15.16528297873391,37.0,33.125401045920626,Professional,40.648903579333115,Math,Urban,High Needs,Traditional,High,Limited,6.369889102138811
14.88539327490188,39.0,13.09345409873783,Professional,77.53871135223521,Math,Rural,High Needs,Technology-Based,High,Limited,1.7546963375376778
10.957910838618695,44.0,4.99767675616841,Bachelors,13.769105455465114,Language,Suburban,Homogeneous,Interactive,Medium,Abundant,8.207700428505142
14.27875120908917,34.0,7.799045146132998,Doctorate,88.973868059907,Science,Rural,Homogeneous,Technology-Based,High,Abundant,7.3286757349178995
18.666449826898205,,4.83247634351728,Doctorate,52.939848523535794,Arts,Urban,Homogeneous,Interactive,High,Limited,3.7895798889936634
7.904746909409901,,34.29724983775038,Bachelors,13.015675095194368,Language,Urban,Diverse,Traditional,Medium,Limited,2.057409481965336
21.540239923495555,41.0,31.218990286462155,Doctorate,28.468632574122832,Arts,Urban,Diverse,Technology-Based,Low,Limited,7.6428257177377645
11.251730337473154,20.0,13.087711595008804,Masters,,Arts,Urban,High Needs,Project-Based,Low,Abundant,9.605280898181984
15.97764340714379,12.0,13.73069667612621,Masters,90.55166960370889,Arts,Urban,Homogeneous,Interactive,High,Adequate,7.1627337558768485
16.398863371685437,41.0,31.89896367178409,Doctorate,38.272641093505925,Language,Urban,Homogeneous,Technology-Based,Medium,Abundant,2.4948258081751304
11.14455150940892,11.0,,Professional,25.53980328658997,Science,Rural,High Needs,Traditional,Medium,Abundant,2.829277835640629
18.894701260633354,13.0,24.36039099115066,Professional,67.97908861473299,Arts,Suburban,Homogeneous,Project-Based,Medium,Limited,5.283405576740944
19.1931522026291,37.0,22.790377349043123,Professional,17.46143255048056,Arts,Suburban,Diverse,Technology-Based,High,Abundant,7.405741651077556
19.52251390339596,32.0,,Bachelors,38.68672868262203,Math,Suburban,,Technology-Based,Medium,Limited,4.823460454553279
9.082707313728601,39.0,21.25703131103522,Professional,80.18954439411957,Social Studies,Urban,High Needs,Interactive,High,Adequate,8.338771875828908
15.541084941242174,29.0,6.983274274577445,Doctorate,13.140028072582322,Language,Rural,Diverse,Technology-Based,Low,Limited,1.538561686995996
16.961455556705182,19.0,20.803364757672945,Professional,10.697621898871734,Language,Urban,Diverse,Traditional,Low,Limited,6.382526475553951
8.463219923478569,42.0,24.312133891191433,Professional,46.732606957866594,Arts,Rural,High Needs,Interactive,High,Abundant,9.984038464904561
10.68678440165224,21.0,28.756041024127477,Bachelors,84.99316880052942,Arts,Rural,Homogeneous,Traditional,Low,Adequate,4.160908443090348
8.122811386051287,25.0,23.483299163534532,Bachelors,60.034057397734145,,Suburban,Diverse,Interactive,Medium,Adequate,4.461149893115438
8.279656204079116,38.0,22.66940633160121,Professional,44.52381349989597,Arts,Suburban,Homogeneous,Project-Based,High,Limited,1.0795219255029136
8.25959623823027,41.0,14.920341684703125,,69.70415669256302,Social Studies,Rural,High Needs,Traditional,Medium,Abundant,8.881725653770369
15.180434749274614,11.0,13.688837731590484,Masters,61.8468731805072,Science,Urban,Homogeneous,Traditional,Low,Limited,2.7197756245621125
24.111952638784622,29.0,33.800767516650495,Professional,53.456626671414774,Language,Suburban,Homogeneous,Traditional,Medium,Adequate,5.9105966302157515
7.155218479788212,22.0,11.463760755650581,Doctorate,15.019696666177829,Social Studies,Rural,Homogeneous,Technology-Based,High,Limited,6.551223102156559
,24.0,20.64336825255867,Bachelors,9.237111503751516,Arts,Rural,High Needs,Traditional,Low,Adequate,3.725540884325145
14.423783053366845,23.0,3.8849183794721824,Doctorate,18.119969906852628,Arts,Urban,Homogeneous,Technology-Based,Medium,Limited,6.692844844693807
7.17116865671346,,17.34574599932404,Bachelors,74.64303922382312,Language,Rural,Diverse,,Medium,Adequate,2.988065885059938
17.750157130506086,41.0,30.1398736419443,Doctorate,,Science,Rural,Diverse,Traditional,High,Limited,4.524260260342954
7.276129066683776,20.0,22.1387790697145,Doctorate,93.52496345770054,Science,,High Needs,Project-Based,Low,Adequate,4.427039095790776
19.452072412213045,37.0,19.962436014552807,Professional,81.9904502751994,Social Studies,Suburban,Homogeneous,Technology-Based,Medium,Limited,7.67593548196914
8.581678846773945,13.0,30.413289104056876,Professional,35.209851401943105,Science,Urban,Diverse,Project-Based,Low,Limited,1.3775681473953827
,33.0,6.705568349783738,Masters,84.20906981327579,Arts,Suburban,High Needs,Technology-Based,High,Limited,4.193802820112202
8.609199183282634,18.0,14.359981917756377,Doctorate,5.482917816784349,Social Studies,Rural,High Needs,Interactive,Low,,5.909468873340895
9.701328215260075,14.0,21.745706058046192,Bachelors,64.63915530951311,Language,Suburban,High Needs,Traditional,Medium,Adequate,3.662454778482557
10.19668699961618,16.0,10.052879042638963,Professional,61.8785786486402,Math,Suburban,Homogeneous,Traditional,High,Limited,3.029954647453377
,20.0,7.838689253793038,,95.05623909581466,Science,Suburban,Homogeneous,Traditional,Low,Limited,6.54916053612304
16.112861335019012,41.0,32.06821179592913,Doctorate,77.21342480191421,Math,Urban,Diverse,Project-Based,Medium,Limited,7.455958640113741
15.157921647457545,,16.635879989000486,Bachelors,90.59547269118603,Science,Urban,Homogeneous,Project-Based,High,Adequate,7.669212853983032
18.440659706664846,28.0,16.54676054191993,Bachelors,89.41935503191772,Math,Suburban,Diverse,Technology-Based,High,Limited,8.546338070801147
5.043394220825701,30.0,16.489389622694983,Professional,87.15863157630884,Math,Rural,High Needs,Project-Based,High,Limited,9.28789954392898
17.23168843328623,18.0,27.45003200852836,Professional,53.717856388226515,Language,Urban,Homogeneous,Project-Based,Low,Adequate,2.121207138140561
5.743057139064853,42.0,17.244385833838997,Doctorate,51.17488012772205,Science,Rural,Diverse,Technology-Based,Low,Adequate,1.1757119884362486
16.09505980870982,34.0,2.8785478644599376,Doctorate,73.63952345962444,Social Studies,Rural,Diverse,Traditional,Medium,Limited,2.316875330576771
19.175279693586948,11.0,29.93833807073172,Doctorate,51.854807242994184,Language,Urban,Diverse,Traditional,Low,Limited,3.719293861914178
5.156834174614007,34.0,31.022077196924133,Bachelors,83.08509422974146,Language,Suburban,High Needs,Traditional,Low,Adequate,8.06483308385807
6.579507352660993,,2.004119635124532,Doctorate,21.793359950097056,Social Studies,Rural,High Needs,Traditional,High,Abundant,9.298703517367127
8.929834910060787,19.0,3.9640337060455995,Bachelors,75.16092738614557,Social Studies,Rural,High Needs,Interactive,Low,Abundant,1.5817711147499467
20.832954557401088,,10.62633114704688,Professional,47.536147365268114,,Suburban,Homogeneous,Interactive,High,Abundant,1.6931049327596739
21.45827812615621,20.0,14.90160762696582,Bachelors,50.62362143036565,Language,Suburban,Homogeneous,Technology-Based,High,Abundant,
19.437047214537046,31.0,2.523138569186456,Bachelors,79.79686696772146,Math,Urban,High Needs,Interactive,Medium,Abundant,5.7363874543152
7.644958533676509,43.0,10.582424403441454,Masters,1.0572666435086364,Language,,Diverse,Interactive,Medium,Abundant,3.532732107707938
17.38981909343197,10.0,23.059404338095746,Bachelors,81.86979650467428,Math,Rural,Homogeneous,Project-Based,Low,Adequate,6.617837710557058
10.9195801617383,30.0,34.44028430368214,Masters,12.824723685884187,Math,Suburban,High Needs,Technology-Based,,Limited,7.287487821155704
6.541792119993588,19.0,8.038126362174042,Professional,24.76185575961366,Language,Rural,High Needs,Traditional,High,Abundant,3.8039042402216126
15.252505900195194,27.0,8.427381091039772,Bachelors,36.339490917796184,Science,Urban,Homogeneous,Project-Based,High,Limited,9.021338185131572
23.170004907194254,13.0,26.711366080173107,Doctorate,44.4127656907951,Social Studies,Urban,High Needs,Traditional,Medium,Adequate,9.711231326340606
